index,date,time,exit_time,hold_mins,dir,entry,sl,t1,t2,t3,risk_pts,exit_price,outcome,r,score,mss,regime,fvg_size,fvg_top,fvg_bottom,hour,minute,weekday,win
NIFTY,2024-05-24,14:27,14:30,3,SHORT,23058.5,23066.3,23046.8,23042.9,23022.5,7.8,23022.5,T3,4.61,15,CHOCH,NEUTRAL,7.3,0,0,14,27,4,1
NIFTY,2024-05-24,15:09,15:12,3,LONG,23014.2,22999.5,23043.7,23058.5,23073.2,14.8,23043.7,T1,2.0,14,CHOCH,TRENDING,14.25,0,0,15,9,4,1
NIFTY,2024-05-27,12:54,12:57,3,SHORT,23165.8,23172.0,23153.5,23147.3,23130.0,6.2,23147.3,T2,3.0,11,CHOCH,TRENDING,5.65,0,0,12,54,0,1
NIFTY,2024-05-28,10:18,10:21,3,LONG,22988.5,22978.8,23003.0,23007.9,23028.2,9.7,23028.2,T3,4.09,13,CHOCH,NEUTRAL,9.2,0,0,10,18,1,1
NIFTY,2024-05-28,11:12,11:15,3,LONG,22988.5,22978.8,23003.0,23007.9,23029.1,9.7,23007.9,T2,2.0,13,CHOCH,NEUTRAL,9.2,0,0,11,12,1,1
NIFTY,2024-05-28,12:54,13:18,24,LONG,22936.5,22906.9,22995.5,23025.1,23054.7,29.6,22995.5,T1,2.0,16,BOS,TRENDING,29.05,0,0,12,54,1,1
NIFTY,2024-05-31,10:15,10:18,3,SHORT,22674.6,22681.2,22661.4,22654.8,22644.1,6.6,22681.2,SL,-1.0,12,CHOCH,TRENDING,6.1,0,0,10,15,4,0
NIFTY,2024-05-31,12:09,12:12,3,SHORT,22638.2,22641.8,22630.8,22627.0,22623.3,3.7,22627.0,T2,3.0,14,CHOCH,TRENDING,3.2,0,0,12,9,4,1
NIFTY,2024-05-31,12:51,12:54,3,LONG,22628.3,22613.5,22657.8,22672.5,22687.3,14.8,22672.5,T2,3.0,15,BOS,TRENDING,14.25,0,0,12,51,4,1
NIFTY,2024-05-31,15:15,15:18,3,LONG,22686.2,22683.7,22689.9,22691.2,22789.2,2.5,22691.2,T2,2.0,11,CHOCH,NEUTRAL,0.6,0,0,15,15,4,1
NIFTY,2024-06-04,13:15,13:18,3,LONG,21911.5,21897.1,21933.2,21940.5,22377.2,14.4,21940.5,T2,2.0,15,BOS,NEUTRAL,13.95,0,0,13,15,1,1
NIFTY,2024-06-05,12:42,12:45,3,SHORT,22366.5,22386.0,22337.3,22327.5,22308.0,19.5,22327.5,T2,2.0,14,CHOCH,NEUTRAL,19.0,0,0,12,42,2,1
NIFTY,2024-06-10,14:24,14:27,3,SHORT,23350.6,23354.0,23343.8,23340.4,23292.2,3.4,23292.2,T3,17.16,14,CHOCH,TRENDING,2.9,0,0,14,24,0,1
NIFTY,2024-06-11,10:03,10:06,3,LONG,23290.5,23278.5,23308.6,23314.7,23389.8,12.1,23314.7,T2,2.0,12,BOS,NEUTRAL,11.55,0,0,10,3,1,1
NIFTY,2024-06-12,11:39,11:57,18,SHORT,23434.5,23453.2,23397.0,23378.2,23359.5,18.8,23453.2,SL,-1.0,16,CHOCH,TRENDING,18.25,0,0,11,39,2,0
NIFTY,2024-06-12,14:45,15:00,15,LONG,23375.5,23363.9,23398.5,23410.1,23429.0,11.6,23363.9,SL,-1.0,16,CHOCH,TRENDING,11.05,0,0,14,45,2,0
NIFTY,2024-06-13,14:06,14:09,3,SHORT,23409.5,23412.0,23405.8,23404.5,23402.0,2.5,23402.0,T3,3.0,13,BOS,NEUTRAL,1.4,0,0,14,6,3,1
NIFTY,2024-06-19,11:42,11:45,3,LONG,23502.3,23492.2,23517.5,23522.6,23598.0,10.2,23522.6,T2,2.0,10,BOS,NEUTRAL,9.65,0,0,11,42,2,1
NIFTY,2024-06-19,13:06,13:09,3,SHORT,23555.2,23558.7,23548.2,23544.7,23529.2,3.5,23529.2,T3,7.43,14,CHOCH,TRENDING,3.0,0,0,13,6,2,1
NIFTY,2024-06-20,13:54,13:57,3,SHORT,23598.5,23623.3,23548.8,23524.0,23499.1,24.9,23548.8,T1,2.0,18,CHOCH,TRENDING,24.35,0,0,13,54,3,1
NIFTY,2024-06-21,13:54,14:00,6,LONG,23479.2,23444.2,23549.1,23584.0,23619.0,35.0,23549.1,T1,2.0,17,CHOCH,TRENDING,34.45,0,0,13,54,4,1
NIFTY,2024-06-24,12:45,12:48,3,SHORT,23531.0,23533.5,23526.0,23523.5,23494.0,2.5,23523.5,T2,3.0,13,BOS,TRENDING,1.65,0,0,12,45,0,1
NIFTY,2024-06-25,11:06,11:15,9,SHORT,23608.0,23618.5,23587.2,23576.7,23566.2,10.4,23576.7,T2,3.0,14,CHOCH,TRENDING,9.95,0,0,11,6,1,1
NIFTY,2024-06-26,10:18,10:21,3,LONG,23703.5,23696.0,23714.8,23718.5,23741.4,7.5,23741.4,T3,5.05,15,CHOCH,NEUTRAL,7.0,0,0,10,18,2,1
NIFTY,2024-06-27,13:00,13:03,3,SHORT,24004.3,24026.4,23960.2,23938.2,23916.2,22.1,23960.2,T1,2.0,17,CHOCH,TRENDING,21.55,0,0,13,0,3,1
NIFTY,2024-07-01,14:27,14:30,3,SHORT,24211.2,24214.8,24206.0,24204.2,24184.9,3.5,24204.2,T2,2.0,15,CHOCH,NEUTRAL,3.0,0,0,14,27,0,1
NIFTY,2024-07-02,11:39,11:42,3,SHORT,24264.5,24273.2,24247.2,24238.5,24210.0,8.7,24238.5,T2,3.0,14,CHOCH,TRENDING,8.15,0,0,11,39,1,1
NIFTY,2024-07-02,13:21,13:24,3,LONG,24166.5,24164.0,24171.5,24174.0,24233.8,2.5,24174.0,T2,3.0,14,CHOCH,TRENDING,0.25,0,0,13,21,1,1
NIFTY,2024-07-02,13:57,14:00,3,LONG,24175.5,24168.0,24186.8,24190.5,24202.0,7.5,24190.5,T2,2.0,15,CHOCH,NEUTRAL,7.0,0,0,13,57,1,1
NIFTY,2024-07-02,15:03,15:06,3,SHORT,24209.1,24214.2,24198.9,24193.8,24164.5,5.1,24193.8,T2,3.0,14,CHOCH,TRENDING,4.6,0,0,15,3,1,1
NIFTY,2024-07-04,13:27,13:30,3,SHORT,24393.9,24396.4,24388.9,24386.4,24383.9,2.5,24383.9,T3,4.0,17,CHOCH,TRENDING,0.6,0,0,13,27,3,1
NIFTY,2024-07-04,14:09,14:12,3,LONG,24369.2,24360.3,24387.2,24396.1,24405.0,8.9,24387.2,T1,2.0,15,BOS,TRENDING,8.45,0,0,14,9,3,1
NIFTY,2024-07-04,14:48,14:57,9,LONG,24369.2,24360.3,24382.7,24387.2,24402.2,8.9,24360.3,SL,-1.0,14,BOS,NEUTRAL,8.45,0,0,14,48,3,0
NIFTY,2024-07-05,13:00,13:06,6,SHORT,24351.5,24354.2,24346.2,24343.5,24337.0,2.7,24343.5,T2,3.0,13,BOS,TRENDING,2.2,0,0,13,0,4,1
NIFTY,2024-07-05,13:39,13:42,3,SHORT,24347.5,24350.0,24342.5,24340.0,24337.0,2.5,24337.0,T3,4.23,13,BOS,TRENDING,1.0,0,0,13,39,4,1
NIFTY,2024-07-05,15:03,15:06,3,LONG,24292.2,24247.2,24382.2,24427.2,24472.2,45.0,24382.2,T1,2.0,17,CHOCH,TRENDING,44.5,0,0,15,3,4,1
NIFTY,2024-07-10,12:03,12:54,51,LONG,24285.4,24261.8,24332.6,24356.2,24379.8,23.6,24332.6,T1,2.0,12,BOS,TRENDING,23.1,0,0,12,3,2,1
NIFTY,2024-07-10,13:42,13:45,3,SHORT,24311.6,24314.2,24307.7,24306.4,24300.5,2.6,24306.4,T2,2.0,15,CHOCH,NEUTRAL,2.1,0,0,13,42,2,1
NIFTY,2024-07-11,10:15,10:24,9,SHORT,24379.8,24428.8,24281.8,24232.8,24183.8,49.0,24281.8,T1,2.0,15,CHOCH,TRENDING,48.5,0,0,10,15,3,1
NIFTY,2024-07-15,11:57,12:00,3,SHORT,24614.5,24621.0,24601.5,24595.0,24588.5,6.5,24601.5,T1,2.0,17,CHOCH,TRENDING,6.0,0,0,11,57,0,1
NIFTY,2024-07-16,11:54,11:57,3,SHORT,24674.5,24677.0,24669.5,24667.0,24664.5,2.5,24664.5,T3,4.0,14,CHOCH,TRENDING,0.6,0,0,11,54,1,1
NIFTY,2024-07-18,12:09,12:12,3,LONG,24570.5,24568.0,24575.5,24578.0,24580.8,2.5,24580.8,T3,4.14,13,CHOCH,TRENDING,0.05,0,0,12,9,3,1
NIFTY,2024-07-22,11:24,11:27,3,SHORT,24555.0,24562.4,24540.3,24533.0,24518.0,7.3,24533.0,T2,3.0,14,CHOCH,TRENDING,6.85,0,0,11,24,0,1
NIFTY,2024-07-22,13:24,13:27,3,LONG,24508.7,24506.2,24513.7,24516.2,24565.0,2.5,24516.2,T2,3.0,16,CHOCH,TRENDING,1.85,0,0,13,24,0,1
NIFTY,2024-07-24,13:39,13:42,3,LONG,24311.0,24307.9,24315.7,24317.2,24333.6,3.1,24333.6,T3,7.3,11,CHOCH,NEUTRAL,2.6,0,0,13,39,2,1
NIFTY,2024-07-29,12:12,12:15,3,SHORT,25014.8,25028.5,24987.2,24973.5,24926.2,13.8,24973.5,T2,3.0,15,BOS,TRENDING,13.25,0,0,12,12,0,1
NIFTY,2024-07-29,14:30,14:33,3,LONG,24875.5,24859.7,24907.1,24922.9,24963.1,15.8,24922.9,T2,3.0,16,CHOCH,TRENDING,15.3,0,0,14,30,0,1
NIFTY,2024-07-30,12:15,12:21,6,SHORT,24985.0,24993.0,24969.1,24961.2,24953.2,8.0,24993.0,SL,-1.0,11,CHOCH,TRENDING,7.45,0,0,12,15,1,0
NIFTY,2024-07-31,13:48,13:51,3,SHORT,24994.8,24997.2,24991.0,24989.8,24972.4,2.5,24989.8,T2,2.0,15,CHOCH,NEUTRAL,0.6,0,0,13,48,2,1
NIFTY,2024-08-01,14:42,15:09,27,LONG,25002.5,24986.5,25034.5,25050.5,25066.5,16.0,25034.5,T1,2.0,16,CHOCH,TRENDING,15.5,0,0,14,42,3,1
NIFTY,2024-08-02,13:39,13:42,3,LONG,24795.5,24781.9,24822.7,24836.3,24863.4,13.6,24822.7,T1,2.0,16,BOS,TRENDING,13.1,0,0,13,39,4,1
NIFTY,2024-08-05,13:24,13:27,3,LONG,24039.5,24016.8,24084.8,24107.5,24130.1,22.6,24084.8,T1,2.0,15,CHOCH,TRENDING,22.15,0,0,13,24,0,1
NIFTY,2024-08-07,11:06,11:09,3,SHORT,24332.5,24356.0,24285.5,24262.0,24226.0,23.5,24285.5,T1,2.0,15,CHOCH,TRENDING,23.0,0,0,11,6,2,1
NIFTY,2024-08-07,12:27,12:51,24,LONG,24279.0,24254.8,24327.2,24351.4,24375.5,24.1,24254.8,SL,-1.0,15,CHOCH,TRENDING,23.65,0,0,12,27,2,0
NIFTY,2024-08-08,11:18,11:24,6,LONG,24237.9,24224.3,24258.2,24265.0,24289.2,13.6,24224.3,SL,-1.0,12,BOS,NEUTRAL,13.05,0,0,11,18,3,0
NIFTY,2024-08-08,12:57,13:00,3,SHORT,24287.7,24322.5,24218.2,24183.5,24148.7,34.8,24218.2,T1,2.0,17,CHOCH,TRENDING,34.25,0,0,12,57,3,1
NIFTY,2024-08-12,12:21,12:24,3,SHORT,24451.5,24454.0,24446.5,24444.0,24435.0,2.5,24435.0,T3,6.6,13,BOS,TRENDING,2.0,0,0,12,21,0,1
NIFTY,2024-08-13,10:57,11:00,3,LONG,24343.0,24339.6,24348.0,24349.7,24364.5,3.4,24349.7,T2,2.0,13,CHOCH,NEUTRAL,2.85,0,0,10,57,1,1
NIFTY,2024-08-14,13:18,13:21,3,SHORT,24204.2,24214.0,24184.3,24174.5,24151.0,9.9,24184.3,T1,2.0,17,CHOCH,TRENDING,9.4,0,0,13,18,2,1
NIFTY,2024-08-19,11:15,11:18,3,LONG,24549.5,24542.0,24564.5,24572.0,24631.0,7.5,24572.0,T2,3.0,14,CHOCH,TRENDING,7.0,0,0,11,15,0,1
NIFTY,2024-08-19,13:24,13:27,3,SHORT,24620.0,24630.2,24599.5,24589.3,24579.0,10.2,24579.0,T3,4.01,14,CHOCH,TRENDING,9.7,0,0,13,24,0,1
NIFTY,2024-08-19,13:57,14:00,3,SHORT,24594.3,24596.8,24589.3,24586.8,24579.0,2.5,24579.0,T3,6.14,13,BOS,TRENDING,0.85,0,0,13,57,0,1
NIFTY,2024-08-20,13:21,13:24,3,SHORT,24740.6,24746.2,24729.4,24723.8,24717.8,5.6,24723.8,T2,3.0,15,CHOCH,TRENDING,5.1,0,0,13,21,1,1
NIFTY,2024-08-21,14:33,14:39,6,SHORT,24766.3,24773.6,24751.7,24744.4,24737.1,7.3,24751.7,T1,2.0,16,CHOCH,TRENDING,6.8,0,0,14,33,2,1
NIFTY,2024-08-22,14:12,14:15,3,LONG,24842.5,24838.3,24848.8,24850.9,24859.2,4.2,24850.9,T2,2.0,15,CHOCH,NEUTRAL,3.7,0,0,14,12,3,1
NIFTY,2024-08-23,11:57,12:00,3,SHORT,24859.5,24863.3,24851.8,24848.0,24844.1,3.9,24863.3,SL,-1.0,13,BOS,TRENDING,3.35,0,0,11,57,4,0
NIFTY,2024-08-23,12:42,13:27,45,SHORT,24858.4,24865.2,24844.8,24838.0,24831.2,6.8,24844.8,T1,2.0,14,CHOCH,TRENDING,6.3,0,0,12,42,4,1
NIFTY,2024-08-26,11:00,11:03,3,SHORT,25011.5,25014.8,25005.2,25002.0,24992.3,3.2,25002.0,T2,3.0,12,BOS,TRENDING,2.7,0,0,11,0,0,1
NIFTY,2024-08-29,11:39,11:42,3,SHORT,25111.7,25115.0,25106.8,25105.1,25090.6,3.3,25105.1,T2,2.0,10,BOS,NEUTRAL,2.8,0,0,11,39,3,1
NIFTY,2024-08-29,12:24,12:27,3,SHORT,25111.7,25115.0,25105.1,25101.8,25091.6,3.3,25115.0,SL,-1.0,12,CHOCH,TRENDING,2.8,0,0,12,24,3,0
NIFTY,2024-09-02,14:33,14:39,6,LONG,25324.5,25315.0,25343.5,25353.0,25362.5,9.5,25343.5,T1,2.0,12,CHOCH,TRENDING,9.0,0,0,14,33,0,1
NIFTY,2024-09-06,12:21,12:30,9,LONG,24998.8,24988.6,25019.2,25029.4,25039.6,10.2,24988.6,SL,-1.0,11,BOS,TRENDING,9.7,0,0,12,21,4,0
NIFTY,2024-09-06,15:03,15:06,3,LONG,24883.5,24879.5,24889.4,24891.3,24932.4,4.0,24891.3,T2,2.0,13,CHOCH,NEUTRAL,3.45,0,0,15,3,4,1
NIFTY,2024-09-10,14:03,14:33,30,SHORT,25151.5,25163.0,25128.5,25117.0,25105.5,11.5,25128.5,T1,2.0,13,CHOCH,TRENDING,11.0,0,0,14,3,1,1
NIFTY,2024-09-13,13:21,13:24,3,SHORT,25400.5,25404.2,25393.3,25389.8,25386.1,3.6,25389.8,T2,3.0,14,BOS,TRENDING,3.1,0,0,13,21,4,1
NIFTY,2024-09-16,14:24,14:27,3,SHORT,25453.5,25460.1,25440.5,25433.9,25406.4,6.5,25440.5,T1,2.0,13,BOS,TRENDING,6.05,0,0,14,24,0,1
NIFTY,2024-09-18,12:51,12:57,6,SHORT,25505.5,25518.7,25479.2,25466.0,25452.9,13.2,25452.9,T3,4.0,16,CHOCH,TRENDING,12.65,0,0,12,51,2,1
NIFTY,2024-09-19,12:42,12:45,3,LONG,25488.2,25482.8,25499.0,25504.3,25563.0,5.4,25504.3,T2,3.0,13,BOS,TRENDING,4.9,0,0,12,42,3,1
NIFTY,2024-09-20,13:30,13:33,3,SHORT,25767.8,25770.3,25762.8,25760.3,25666.7,2.5,25666.7,T3,40.44,17,CHOCH,TRENDING,1.3,0,0,13,30,4,1
NIFTY,2024-09-24,12:18,12:21,3,LONG,25946.8,25942.6,25953.1,25955.2,25960.0,4.2,25960.0,T3,3.14,14,BOS,NEUTRAL,3.7,0,0,12,18,1,1
NIFTY,2024-09-24,14:24,14:27,3,SHORT,25983.5,25989.4,25974.8,25971.8,25961.5,5.8,25971.8,T2,2.0,15,CHOCH,NEUTRAL,5.35,0,0,14,24,1,1
NIFTY,2024-09-25,13:18,13:21,3,LONG,25898.8,25893.7,25906.4,25909.0,25914.0,5.1,25909.0,T2,2.0,13,CHOCH,NEUTRAL,4.6,0,0,13,18,2,1
NIFTY,2024-09-26,12:33,12:36,3,SHORT,26105.2,26107.8,26100.2,26097.8,26065.6,2.5,26097.8,T2,3.0,14,CHOCH,TRENDING,0.75,0,0,12,33,3,1
NIFTY,2024-09-27,14:57,15:00,3,SHORT,26357.6,26360.7,26353.0,26351.5,26318.5,3.0,26360.7,SL,-1.0,15,CHOCH,NEUTRAL,2.55,0,0,14,57,4,0
NIFTY,2024-09-30,12:24,12:27,3,LONG,26065.2,26062.7,26068.9,26070.2,26081.3,2.5,26070.2,T2,2.0,15,CHOCH,NEUTRAL,0.7,0,0,12,24,0,1
NIFTY,2024-09-30,14:57,15:21,24,LONG,25989.4,25973.8,26020.6,26036.2,26051.8,15.6,25991.5,EOD,0.13,16,CHOCH,TRENDING,15.1,0,0,14,57,0,1
NIFTY,2024-10-01,13:12,13:15,3,LONG,25947.5,25945.0,25952.5,25955.0,26017.7,2.5,25955.0,T2,3.0,14,CHOCH,TRENDING,1.05,0,0,13,12,1,1
NIFTY,2024-10-04,12:39,12:42,3,SHORT,25539.5,25579.4,25459.7,25419.8,25379.9,39.9,25419.8,T2,3.0,16,BOS,TRENDING,39.4,0,0,12,39,4,1
NIFTY,2024-10-07,14:45,14:48,3,LONG,24929.6,24897.7,24993.5,25025.5,25145.5,31.9,25025.5,T2,3.0,14,BOS,TRENDING,31.45,0,0,14,45,0,1
NIFTY,2024-10-08,12:39,12:42,3,SHORT,25081.8,25091.3,25062.8,25053.3,25042.2,9.5,25042.2,T3,4.17,13,BOS,TRENDING,9.0,0,0,12,39,1,1
NIFTY,2024-10-08,14:33,14:36,3,SHORT,25172.0,25183.1,25150.0,25138.9,25072.0,11.1,25138.9,T2,3.0,16,CHOCH,TRENDING,10.55,0,0,14,33,1,1
NIFTY,2024-10-08,15:06,15:21,15,SHORT,25159.6,25191.3,25096.1,25064.3,25032.6,31.8,25145.0,EOD,0.46,15,CHOCH,TRENDING,31.25,0,0,15,6,1,1
NIFTY,2024-10-10,11:00,11:09,9,SHORT,25241.2,25275.5,25172.7,25138.5,25104.2,34.2,25172.7,T1,2.0,17,CHOCH,TRENDING,33.75,0,0,11,0,3,1
NIFTY,2024-10-11,14:18,14:21,3,SHORT,25054.5,25061.0,25044.7,25041.4,25030.0,6.5,25041.4,T2,2.0,13,CHOCH,NEUTRAL,6.05,0,0,14,18,4,1
NIFTY,2024-10-14,13:33,13:36,3,LONG,25204.3,25192.7,25227.7,25239.3,25255.8,11.7,25227.7,T1,2.0,14,CHOCH,TRENDING,11.15,0,0,13,33,0,1
NIFTY,2024-10-14,14:33,14:36,3,LONG,25220.5,25217.9,25224.3,25225.5,25244.7,2.5,25244.7,T3,9.52,13,CHOCH,NEUTRAL,2.05,0,0,14,33,0,1
NIFTY,2024-10-15,12:00,12:03,3,LONG,25147.5,25145.0,25151.2,25152.5,25180.7,2.5,25152.5,T2,2.0,10,BOS,NEUTRAL,0.35,0,0,12,0,1,1
NIFTY,2024-10-16,14:48,14:51,3,SHORT,25109.7,25119.5,25090.2,25080.5,25023.9,9.8,25080.5,T2,3.0,14,CHOCH,TRENDING,9.25,0,0,14,48,2,1
NIFTY,2024-10-17,12:09,12:18,9,LONG,24858.2,24850.4,24869.9,24873.8,24881.6,7.8,24869.9,T1,1.5,13,CHOCH,NEUTRAL,7.3,0,0,12,9,3,1
NIFTY,2024-10-17,14:27,14:30,3,LONG,24828.5,24819.3,24846.8,24856.0,24871.3,9.2,24846.8,T1,2.0,15,BOS,TRENDING,8.65,0,0,14,27,3,1
NIFTY,2024-10-22,10:12,10:15,3,SHORT,24861.2,24875.2,24833.3,24819.4,24752.1,13.9,24819.4,T2,3.0,13,BOS,TRENDING,13.45,0,0,10,12,1,1
NIFTY,2024-10-22,14:12,14:15,3,LONG,24639.5,24616.0,24674.8,24686.5,24710.0,23.5,24674.8,T1,1.5,14,CHOCH,NEUTRAL,23.0,0,0,14,12,1,1
NIFTY,2024-10-23,12:12,12:15,3,SHORT,24619.3,24635.2,24595.7,24587.8,24560.0,15.8,24560.0,T3,3.75,12,BOS,NEUTRAL,15.3,0,0,12,12,2,1
NIFTY,2024-10-25,14:45,14:48,3,LONG,24090.7,24088.2,24095.7,24098.2,24150.5,2.5,24150.5,T3,23.93,17,CHOCH,TRENDING,0.5,0,0,14,45,4,1
NIFTY,2024-10-29,11:39,11:42,3,LONG,24220.0,24193.5,24259.7,24273.0,24299.5,26.5,24259.7,T1,1.5,13,BOS,NEUTRAL,26.0,0,0,11,39,1,1
NIFTY,2024-10-29,13:30,13:39,9,SHORT,24330.5,24354.7,24282.1,24257.9,24233.7,24.2,24282.1,T1,2.0,17,CHOCH,TRENDING,23.7,0,0,13,30,1,1
NIFTY,2024-10-30,12:12,12:15,3,SHORT,24467.6,24470.1,24462.6,24460.1,24447.5,2.5,24460.1,T2,3.0,16,CHOCH,TRENDING,1.15,0,0,12,12,2,1
NIFTY,2024-10-30,13:12,13:15,3,SHORT,24493.0,24517.1,24457.0,24445.0,24420.9,24.1,24420.9,T3,3.0,14,CHOCH,NEUTRAL,23.55,0,0,13,12,2,1
NIFTY,2024-10-31,14:42,14:45,3,LONG,24194.6,24183.0,24217.7,24229.2,24240.8,11.6,24217.7,T1,2.0,15,CHOCH,TRENDING,11.05,0,0,14,42,3,1
NIFTY,2024-10-31,15:15,15:21,6,LONG,24194.6,24183.0,24211.9,24217.7,24229.2,11.6,24202.5,EOD,0.69,16,CHOCH,NEUTRAL,11.05,0,0,15,15,3,1
NIFTY,2024-11-04,12:12,12:18,6,LONG,23978.5,23956.0,24023.5,24046.0,24068.5,22.5,24023.5,T1,2.0,14,BOS,TRENDING,22.0,0,0,12,12,0,1
NIFTY,2024-11-05,13:00,13:03,3,LONG,24048.4,24045.9,24053.4,24055.9,24128.8,2.5,24055.9,T2,3.0,16,BOS,TRENDING,0.1,0,0,13,0,1,1
NIFTY,2024-11-06,14:42,14:48,6,SHORT,24614.5,24635.0,24573.5,24553.0,24532.5,20.5,24573.5,T1,2.0,16,CHOCH,TRENDING,20.0,0,0,14,42,2,1
NIFTY,2024-11-07,12:24,12:27,3,LONG,24308.5,24297.3,24325.1,24330.7,24341.8,11.1,24330.7,T2,2.0,12,BOS,NEUTRAL,10.6,0,0,12,24,3,1
NIFTY,2024-11-07,15:00,15:03,3,LONG,24304.2,24300.9,24309.3,24311.0,24314.9,3.4,24314.9,T3,3.19,13,CHOCH,NEUTRAL,2.85,0,0,15,0,3,1
NIFTY,2024-11-11,12:09,12:12,3,SHORT,24347.5,24350.0,24342.5,24340.0,24310.0,2.5,24310.0,T3,15.0,14,CHOCH,TRENDING,0.2,0,0,12,9,0,1
NIFTY,2024-11-11,14:36,14:39,3,LONG,24223.5,24201.0,24268.4,24290.8,24339.8,22.4,24268.4,T1,2.0,17,CHOCH,TRENDING,21.95,0,0,14,36,0,1
NIFTY,2024-11-13,13:48,13:51,3,LONG,23760.5,23749.3,23782.9,23794.1,23805.3,11.2,23794.1,T2,3.0,16,BOS,TRENDING,10.7,0,0,13,48,2,1
NIFTY,2024-11-18,11:45,11:48,3,LONG,23477.0,23468.1,23495.0,23503.9,23523.5,8.9,23495.0,T1,2.0,12,CHOCH,TRENDING,8.45,0,0,11,45,0,1
NIFTY,2024-11-19,10:45,10:48,3,SHORT,23784.5,23790.0,23773.4,23767.8,23731.7,5.5,23767.8,T2,3.0,10,CHOCH,TRENDING,5.05,0,0,10,45,1,1
NIFTY,2024-11-19,12:27,12:30,3,SHORT,23814.5,23822.2,23803.1,23799.2,23791.6,7.7,23803.1,T1,1.5,11,CHOCH,NEUTRAL,7.15,0,0,12,27,1,1
NIFTY,2024-11-22,10:48,11:00,12,SHORT,23530.6,23554.5,23482.9,23459.0,23428.0,23.9,23554.5,SL,-1.0,15,CHOCH,TRENDING,23.35,0,0,10,48,4,0
NIFTY,2024-11-25,11:27,11:30,3,SHORT,24344.7,24355.4,24323.3,24312.6,24301.9,10.7,24323.3,T1,2.0,16,CHOCH,TRENDING,10.2,0,0,11,27,0,1
NIFTY,2024-11-25,12:39,12:48,9,LONG,24295.5,24288.1,24306.6,24310.3,24318.0,7.4,24288.1,SL,-1.0,13,CHOCH,NEUTRAL,6.9,0,0,12,39,0,0
NIFTY,2024-11-27,14:12,14:15,3,SHORT,24339.3,24359.6,24298.7,24278.4,24258.1,20.3,24298.7,T1,2.0,14,BOS,TRENDING,19.8,0,0,14,12,2,1
NIFTY,2024-11-27,14:57,15:00,3,SHORT,24339.3,24359.6,24308.8,24298.7,24278.4,20.3,24298.7,T2,2.0,14,CHOCH,NEUTRAL,19.8,0,0,14,57,2,1
NIFTY,2024-11-28,13:57,14:00,3,LONG,23993.8,23976.7,24028.2,24045.3,24090.0,17.1,24045.3,T2,3.0,15,BOS,TRENDING,16.65,0,0,13,57,3,1
NIFTY,2024-11-29,10:15,10:18,3,SHORT,24164.5,24170.0,24153.5,24148.0,24112.0,5.5,24148.0,T2,3.0,12,CHOCH,TRENDING,5.0,0,0,10,15,4,1
NIFTY,2024-11-29,14:15,14:18,3,SHORT,24284.5,24291.4,24270.7,24263.8,24232.5,6.9,24263.8,T2,3.0,16,CHOCH,TRENDING,6.4,0,0,14,15,4,1
NIFTY,2024-12-02,11:54,11:57,3,SHORT,24302.6,24311.2,24289.7,24285.4,24255.7,8.6,24289.7,T1,1.5,13,CHOCH,NEUTRAL,8.1,0,0,11,54,0,1
NIFTY,2024-12-03,11:39,11:42,3,SHORT,24549.8,24555.9,24537.5,24531.3,24525.2,6.2,24537.5,T1,2.0,10,CHOCH,TRENDING,5.65,0,0,11,39,1,1
NIFTY,2024-12-04,10:30,10:33,3,SHORT,24624.2,24629.9,24612.8,24607.1,24594.5,5.7,24629.9,SL,-1.0,11,BOS,TRENDING,5.2,0,0,10,30,2,0
NIFTY,2024-12-05,14:51,14:54,3,SHORT,24867.5,24898.9,24804.7,24773.3,24664.7,31.4,24773.3,T2,3.0,15,BOS,TRENDING,30.9,0,0,14,51,3,1
NIFTY,2024-12-06,13:39,13:45,6,SHORT,24801.5,24807.7,24792.3,24789.2,24783.0,6.2,24807.7,SL,-1.0,12,BOS,NEUTRAL,5.65,0,0,13,39,4,0
NIFTY,2024-12-06,14:15,14:27,12,SHORT,24796.0,24805.3,24782.1,24777.5,24768.2,9.3,24777.5,T2,2.0,12,BOS,NEUTRAL,8.8,0,0,14,15,4,1
NIFTY,2024-12-09,10:57,11:12,15,LONG,24700.5,24688.8,24723.9,24735.6,24747.3,11.7,24723.9,T1,2.0,15,BOS,TRENDING,11.2,0,0,10,57,0,1
NIFTY,2024-12-09,12:48,13:03,15,SHORT,24736.5,24749.2,24711.0,24698.2,24685.5,12.8,24711.0,T1,2.0,13,BOS,TRENDING,12.25,0,0,12,48,0,1
NIFTY,2024-12-09,14:48,14:51,3,LONG,24710.5,24706.6,24718.3,24722.2,24747.8,3.9,24706.6,SL,-1.0,16,CHOCH,TRENDING,3.4,0,0,14,48,0,0
NIFTY,2024-12-10,14:42,14:45,3,LONG,24628.8,24626.3,24633.8,24636.3,24650.8,2.5,24636.3,T2,3.0,14,CHOCH,TRENDING,1.65,0,0,14,42,1,1
NIFTY,2024-12-11,12:12,12:15,3,SHORT,24778.5,24785.4,24764.7,24757.8,24749.8,6.9,24749.8,T3,4.15,13,CHOCH,TRENDING,6.4,0,0,12,12,2,1
NIFTY,2024-12-13,11:45,11:48,3,LONG,24396.5,24387.0,24415.6,24425.2,24462.0,9.6,24425.2,T2,3.0,13,BOS,TRENDING,9.05,0,0,11,45,4,1
NIFTY,2024-12-16,13:33,13:36,3,SHORT,24729.5,24736.1,24716.5,24709.9,24703.3,6.5,24716.5,T1,2.0,16,CHOCH,TRENDING,6.05,0,0,13,33,0,1
NIFTY,2024-12-17,12:27,12:30,3,LONG,24450.5,24428.2,24495.1,24517.4,24565.0,22.3,24517.4,T2,3.0,14,BOS,TRENDING,21.8,0,0,12,27,1,1
NIFTY,2024-12-18,15:18,15:21,3,LONG,24250.5,24247.9,24254.3,24255.5,24271.7,2.5,24263.9,EOD,5.27,12,CHOCH,NEUTRAL,2.05,0,0,15,18,2,1
NIFTY,2024-12-23,12:03,12:06,3,SHORT,23873.5,23904.0,23812.5,23782.0,23725.3,30.5,23812.5,T1,2.0,16,BOS,TRENDING,30.0,0,0,12,3,0,1
NIFTY,2024-12-23,14:15,14:18,3,LONG,23700.5,23689.5,23717.0,23722.5,23733.5,11.0,23733.5,T3,3.0,15,CHOCH,NEUTRAL,10.5,0,0,14,15,0,1
NIFTY,2024-12-24,14:54,14:57,3,LONG,23762.3,23759.8,23767.3,23769.8,23776.4,2.5,23776.4,T3,5.6,14,CHOCH,TRENDING,0.15,0,0,14,54,1,1
NIFTY,2024-12-30,12:27,12:30,3,SHORT,24015.5,24027.0,23992.5,23981.0,23928.1,11.5,23928.1,T3,7.6,16,CHOCH,TRENDING,11.0,0,0,12,27,0,1
NIFTY,2024-12-31,12:51,12:54,3,SHORT,23764.0,23774.2,23748.7,23743.5,23715.4,10.2,23743.5,T2,2.0,15,CHOCH,NEUTRAL,9.7,0,0,12,51,1,1
NIFTY,2025-01-01,12:57,13:00,3,SHORT,23879.2,23881.7,23875.4,23874.2,23817.5,2.5,23874.2,T2,2.0,13,CHOCH,NEUTRAL,0.1,0,0,12,57,2,1
NIFTY,2025-01-01,14:45,14:48,3,SHORT,23914.9,23925.8,23898.5,23893.1,23859.7,10.9,23893.1,T2,2.0,13,CHOCH,NEUTRAL,10.4,0,0,14,45,2,1
NIFTY,2025-01-03,11:15,11:18,3,LONG,24148.5,24146.0,24153.5,24156.0,24198.0,2.5,24156.0,T2,3.0,14,BOS,TRENDING,0.15,0,0,11,15,4,1
NIFTY,2025-01-03,12:06,12:09,3,SHORT,24222.5,24225.0,24217.5,24215.0,24090.1,2.5,24215.0,T2,3.0,16,CHOCH,TRENDING,1.15,0,0,12,6,4,1
NIFTY,2025-01-03,13:48,13:51,3,SHORT,24175.8,24180.5,24168.6,24166.2,24146.0,4.8,24166.2,T2,2.0,13,CHOCH,NEUTRAL,4.25,0,0,13,48,4,1
NIFTY,2025-01-06,12:39,12:42,3,LONG,23808.0,23789.9,23835.0,23844.0,23883.7,18.1,23844.0,T2,2.0,13,CHOCH,NEUTRAL,17.55,0,0,12,39,0,1
NIFTY,2025-01-07,12:00,12:03,3,SHORT,23851.6,23859.3,23840.0,23836.2,23809.4,7.7,23836.2,T2,2.0,13,CHOCH,NEUTRAL,7.2,0,0,12,0,1,1
NIFTY,2025-01-08,13:21,13:24,3,LONG,23633.6,23630.2,23640.5,23644.0,23676.0,3.5,23644.0,T2,3.0,16,CHOCH,TRENDING,2.95,0,0,13,21,2,1
NIFTY,2025-01-09,14:12,14:33,21,LONG,23637.8,23628.4,23656.5,23665.8,23675.2,9.3,23628.4,SL,-1.0,16,CHOCH,TRENDING,8.85,0,0,14,12,3,0
NIFTY,2025-01-10,11:57,12:06,9,SHORT,23644.5,23667.0,23599.5,23577.0,23554.5,22.5,23599.5,T1,2.0,15,CHOCH,TRENDING,22.0,0,0,11,57,4,1
NIFTY,2025-01-14,11:42,11:45,3,SHORT,23283.9,23287.7,23276.3,23272.5,23206.2,3.8,23272.5,T2,3.0,15,BOS,TRENDING,3.3,0,0,11,42,1,1
NIFTY,2025-01-14,14:12,14:15,3,LONG,23243.2,23230.5,23262.4,23268.8,23281.5,12.8,23281.5,T3,3.0,15,CHOCH,NEUTRAL,12.25,0,0,14,12,1,1
NIFTY,2025-01-14,14:48,15:09,21,LONG,23243.2,23230.5,23268.8,23281.5,23294.2,12.8,23268.8,T1,2.0,14,CHOCH,TRENDING,12.25,0,0,14,48,1,1
NIFTY,2025-01-17,11:54,11:57,3,LONG,23205.5,23201.2,23214.1,23218.4,23238.0,4.3,23218.4,T2,3.0,12,CHOCH,TRENDING,3.8,0,0,11,54,4,1
NIFTY,2025-01-17,13:15,13:18,3,SHORT,23272.5,23275.8,23265.8,23262.5,23257.0,3.4,23257.0,T3,4.63,10,CHOCH,TRENDING,2.85,0,0,13,15,4,1
NIFTY,2025-01-17,15:03,15:06,3,SHORT,23287.4,23290.8,23282.3,23280.6,23227.2,3.4,23280.6,T2,2.0,13,CHOCH,NEUTRAL,2.9,0,0,15,3,4,1
NIFTY,2025-01-20,12:30,12:33,3,SHORT,23407.2,23415.4,23390.8,23382.6,23374.4,8.2,23382.6,T2,3.0,15,CHOCH,TRENDING,7.7,0,0,12,30,0,1
NIFTY,2025-01-20,14:36,14:39,3,LONG,23398.4,23387.3,23415.0,23420.5,23431.5,11.1,23415.0,T1,1.5,12,BOS,NEUTRAL,10.55,0,0,14,36,0,1
NIFTY,2025-01-21,11:45,11:48,3,LONG,23210.5,23182.8,23265.8,23293.5,23448.7,27.6,23293.5,T2,3.0,14,BOS,TRENDING,27.15,0,0,11,45,1,1
NIFTY,2025-01-22,13:15,13:18,3,LONG,23065.6,23058.1,23080.6,23088.1,23097.0,7.5,23080.6,T1,2.0,13,BOS,TRENDING,7.0,0,0,13,15,2,1
NIFTY,2025-01-24,12:36,12:39,3,SHORT,23310.2,23321.4,23287.8,23276.6,23213.2,11.2,23276.6,T2,3.0,13,BOS,TRENDING,10.7,0,0,12,36,4,1
NIFTY,2025-01-27,11:48,11:51,3,LONG,22886.8,22882.7,22893.2,22895.2,22922.3,4.2,22895.2,T2,2.0,10,BOS,NEUTRAL,3.7,0,0,11,48,0,1
NIFTY,2025-01-27,12:24,12:27,3,LONG,22910.3,22899.6,22931.7,22942.4,22968.0,10.7,22942.4,T2,3.0,9,BOS,TRENDING,10.2,0,0,12,24,0,1
NIFTY,2025-01-30,15:00,15:03,3,LONG,23170.5,23151.9,23207.7,23226.3,23285.5,18.6,23226.3,T2,3.0,17,CHOCH,TRENDING,18.1,0,0,15,0,3,1
NIFTY,2025-01-31,13:57,14:00,3,SHORT,23599.5,23603.3,23591.8,23588.0,23557.5,3.9,23588.0,T2,3.0,16,BOS,TRENDING,3.35,0,0,13,57,4,1
NIFTY,2025-02-01,13:48,13:51,3,LONG,23544.5,23528.0,23577.5,23594.0,23622.2,16.5,23577.5,T1,2.0,13,BOS,TRENDING,16.0,0,0,13,48,5,1
NIFTY,2025-02-05,11:03,11:06,3,SHORT,23833.7,23838.1,23827.0,23824.8,23803.3,4.5,23824.8,T2,2.0,13,CHOCH,NEUTRAL,3.95,0,0,11,3,2,1
NIFTY,2025-02-05,12:33,12:36,3,LONG,23809.3,23806.8,23813.0,23814.3,23835.6,2.5,23814.3,T2,2.0,13,CHOCH,NEUTRAL,1.2,0,0,12,33,2,1
NIFTY,2025-02-05,13:39,13:42,3,SHORT,23827.5,23830.0,23822.5,23820.0,23796.0,2.5,23820.0,T2,3.0,14,CHOCH,TRENDING,0.65,0,0,13,39,2,1
NIFTY,2025-02-06,14:39,14:42,3,LONG,23674.5,23671.3,23680.7,23683.8,23705.8,3.1,23683.8,T2,3.0,14,CHOCH,TRENDING,2.6,0,0,14,39,3,1
NIFTY,2025-02-07,13:30,13:33,3,LONG,23655.5,23644.0,23672.8,23678.5,23690.0,11.5,23678.5,T2,2.0,13,CHOCH,NEUTRAL,11.0,0,0,13,30,4,1
NIFTY,2025-02-11,11:15,11:18,3,LONG,23340.5,23332.0,23353.3,23357.6,23366.2,8.6,23357.6,T2,2.0,11,CHOCH,NEUTRAL,8.05,0,0,11,15,1,1
NIFTY,2025-02-11,14:45,14:48,3,LONG,23116.2,23110.3,23124.9,23127.8,23154.2,5.8,23154.2,T3,6.51,13,CHOCH,NEUTRAL,5.35,0,0,14,45,1,1
NIFTY,2025-02-12,10:48,10:51,3,LONG,23001.5,22993.9,23016.7,23024.3,23161.5,7.6,23024.3,T2,3.0,13,BOS,TRENDING,7.1,0,0,10,48,2,1
NIFTY,2025-02-12,11:30,11:42,12,LONG,23000.5,22981.0,23029.8,23039.5,23059.0,19.5,23059.0,T3,3.0,11,BOS,NEUTRAL,19.0,0,0,11,30,2,1
NIFTY,2025-02-17,13:24,13:27,3,LONG,22925.6,22914.3,22948.2,22959.5,22970.8,11.3,22948.2,T1,2.0,14,CHOCH,TRENDING,10.8,0,0,13,24,0,1
NIFTY,2025-02-19,10:51,10:54,3,SHORT,23067.5,23091.5,23019.6,22995.7,22971.7,23.9,22995.7,T2,3.0,13,CHOCH,TRENDING,23.45,0,0,10,51,2,1
NIFTY,2025-02-19,11:30,11:39,9,SHORT,23040.5,23055.9,23017.5,23009.8,22982.0,15.3,23017.5,T1,1.5,13,CHOCH,NEUTRAL,14.85,0,0,11,30,2,1
NIFTY,2025-02-19,12:27,12:30,3,SHORT,23052.5,23062.7,23032.2,23022.0,22995.1,10.2,23022.0,T2,3.0,14,CHOCH,TRENDING,9.65,0,0,12,27,2,1
NIFTY,2025-02-19,14:12,14:15,3,LONG,22996.5,22991.9,23003.3,23005.5,23013.7,4.5,22991.9,SL,-1.0,14,CHOCH,NEUTRAL,4.05,0,0,14,12,2,0
NIFTY,2025-02-20,11:48,11:51,3,SHORT,22931.2,22935.5,22922.5,22918.1,22911.1,4.3,22922.5,T1,2.0,16,CHOCH,TRENDING,3.85,0,0,11,48,3,1
NIFTY,2025-02-21,11:48,11:51,3,LONG,22836.3,22829.7,22849.8,22856.5,22869.0,6.7,22849.8,T1,2.0,13,CHOCH,TRENDING,6.2,0,0,11,48,4,1
NIFTY,2025-02-24,10:48,10:51,3,LONG,22619.5,22616.0,22624.8,22626.5,22634.7,3.5,22626.5,T2,2.0,12,CHOCH,NEUTRAL,3.0,0,0,10,48,0,1
NIFTY,2025-02-24,14:33,14:36,3,LONG,22601.8,22590.2,22619.2,22625.0,22640.5,11.6,22625.0,T2,2.0,15,BOS,NEUTRAL,11.1,0,0,14,33,0,1
NIFTY,2025-02-25,11:42,11:45,3,LONG,22588.5,22585.8,22593.8,22596.4,22616.7,2.6,22596.4,T2,3.0,16,CHOCH,TRENDING,2.15,0,0,11,42,1,1
NIFTY,2025-02-28,14:54,15:21,27,LONG,22267.0,22244.2,22312.5,22335.2,22358.0,22.8,22274.8,EOD,0.34,12,BOS,TRENDING,22.25,0,0,14,54,4,1
NIFTY,2025-03-03,12:33,12:36,3,LONG,22220.2,22210.8,22239.0,22248.4,22257.8,9.4,22239.0,T1,2.0,14,CHOCH,TRENDING,8.9,0,0,12,33,0,1
NIFTY,2025-03-04,13:54,13:57,3,LONG,22168.4,22160.9,22183.4,22190.9,22198.4,7.5,22183.4,T1,2.0,16,CHOCH,TRENDING,7.0,0,0,13,54,1,1
NIFTY,2025-03-05,13:06,13:09,3,SHORT,22452.2,22456.3,22443.8,22439.7,22367.0,4.2,22439.7,T2,3.0,15,BOS,TRENDING,3.65,0,0,13,6,2,1
NIFTY,2025-03-05,14:39,14:42,3,LONG,22420.5,22407.9,22439.4,22445.7,22460.0,12.6,22439.4,T1,1.5,12,BOS,NEUTRAL,12.1,0,0,14,39,2,1
NIFTY,2025-03-11,10:24,10:27,3,LONG,22481.5,22478.0,22488.7,22492.2,22534.6,3.5,22492.2,T2,3.0,15,BOS,TRENDING,3.05,0,0,10,24,1,1
NIFTY,2025-03-11,14:42,14:45,3,SHORT,22565.7,22570.3,22556.3,22551.7,22517.9,4.7,22551.7,T2,3.0,14,CHOCH,TRENDING,4.15,0,0,14,42,1,1
NIFTY,2025-03-12,12:57,13:00,3,LONG,22408.2,22403.5,22417.8,22422.7,22427.5,4.8,22417.8,T1,2.0,16,CHOCH,TRENDING,4.3,0,0,12,57,2,1
NIFTY,2025-03-13,10:51,10:54,3,SHORT,22569.5,22572.0,22564.5,22562.0,22501.6,2.5,22562.0,T2,3.0,17,CHOCH,TRENDING,0.05,0,0,10,51,3,1
NIFTY,2025-03-18,12:24,12:27,3,SHORT,22823.5,22831.4,22807.7,22799.8,22790.5,7.9,22790.5,T3,4.18,15,CHOCH,TRENDING,7.4,0,0,12,24,1,1
NIFTY,2025-03-19,13:09,13:12,3,SHORT,22969.5,22980.0,22948.5,22938.0,22927.5,10.5,22938.0,T2,3.0,16,CHOCH,TRENDING,10.0,0,0,13,9,2,1
NIFTY,2025-03-21,13:33,13:36,3,SHORT,23410.0,23427.6,23374.8,23357.2,23339.6,17.6,23357.2,T2,3.0,16,CHOCH,TRENDING,17.1,0,0,13,33,4,1
NIFTY,2025-03-24,11:51,12:12,21,SHORT,23634.1,23649.3,23603.7,23588.5,23573.3,15.2,23649.3,SL,-1.0,12,CHOCH,TRENDING,14.7,0,0,11,51,0,0
NIFTY,2025-03-25,12:00,12:06,6,LONG,23711.5,23691.6,23751.3,23771.2,23791.1,19.9,23751.3,T1,2.0,15,CHOCH,TRENDING,19.4,0,0,12,0,1,1
NIFTY,2025-03-25,14:51,14:54,3,SHORT,23743.3,23745.8,23738.3,23735.8,23686.3,2.5,23735.8,T2,3.0,17,BOS,TRENDING,0.9,0,0,14,51,1,1
NIFTY,2025-03-28,14:27,14:30,3,LONG,23619.6,23608.2,23642.4,23653.8,23740.4,11.4,23653.8,T2,3.0,16,CHOCH,TRENDING,10.9,0,0,14,27,4,1
NIFTY,2025-04-02,11:45,12:57,72,SHORT,23407.9,23429.1,23376.1,23365.5,23344.3,21.2,23376.1,T1,1.5,15,BOS,NEUTRAL,20.7,0,0,11,45,2,1
NIFTY,2025-04-02,14:00,14:03,3,SHORT,23404.8,23407.3,23399.8,23397.3,23385.7,2.5,23397.3,T2,3.0,14,CHOCH,TRENDING,1.15,0,0,14,0,2,1
NIFTY,2025-04-03,11:03,11:06,3,SHORT,23379.3,23381.8,23375.5,23374.3,23315.2,2.5,23374.3,T2,2.0,13,CHOCH,NEUTRAL,1.8,0,0,11,3,3,1
NIFTY,2025-04-04,13:09,13:12,3,LONG,23022.5,23014.0,23039.5,23048.0,23056.5,8.5,23014.0,SL,-1.0,14,CHOCH,TRENDING,8.0,0,0,13,9,4,0
NIFTY,2025-04-04,15:06,15:09,3,LONG,22945.5,22935.7,22965.2,22975.0,22984.9,9.8,22965.2,T1,2.0,16,CHOCH,TRENDING,9.35,0,0,15,6,4,1
NIFTY,2025-04-07,13:33,13:36,3,LONG,21978.5,21972.9,21989.5,21995.1,22153.5,5.5,21995.1,T2,3.0,11,BOS,TRENDING,5.05,0,0,13,33,0,1
NIFTY,2025-04-08,10:51,10:54,3,SHORT,22399.5,22414.0,22370.5,22356.0,22341.0,14.5,22414.0,SL,-1.0,11,BOS,TRENDING,14.0,0,0,10,51,1,0
NIFTY,2025-04-09,13:48,14:00,12,SHORT,22489.5,22503.0,22462.5,22449.0,22435.5,13.5,22462.5,T1,2.0,14,CHOCH,TRENDING,13.0,0,0,13,48,2,1
NIFTY,2025-04-09,15:12,15:15,3,LONG,22466.2,22463.7,22469.9,22471.2,22477.0,2.5,22477.0,T3,4.36,13,CHOCH,NEUTRAL,1.9,0,0,15,12,2,1
NIFTY,2025-04-16,13:18,13:21,3,SHORT,23341.4,23345.8,23334.8,23332.6,23324.9,4.4,23324.9,T3,3.75,14,BOS,NEUTRAL,3.9,0,0,13,18,2,1
NIFTY,2025-04-16,13:54,13:57,3,LONG,23318.5,23315.0,23325.5,23329.0,23361.3,3.5,23361.3,T3,12.22,16,CHOCH,TRENDING,3.0,0,0,13,54,2,1
NIFTY,2025-04-17,14:15,14:18,3,SHORT,23837.5,23840.7,23831.1,23827.9,23765.6,3.2,23827.9,T2,3.0,12,CHOCH,TRENDING,2.7,0,0,14,15,3,1
NIFTY,2025-04-23,10:06,10:09,3,SHORT,24284.0,24311.0,24230.0,24203.0,24170.0,27.0,24230.0,T1,2.0,15,CHOCH,TRENDING,26.5,0,0,10,6,2,1
NIFTY,2025-04-28,14:18,14:21,3,SHORT,24469.5,24480.0,24453.8,24448.5,24438.0,10.5,24448.5,T2,2.0,13,CHOCH,NEUTRAL,10.0,0,0,14,18,0,1
NIFTY,2025-04-29,12:39,12:42,3,LONG,24429.7,24426.2,24436.7,24440.2,24461.9,3.5,24440.2,T2,3.0,16,CHOCH,TRENDING,3.0,0,0,12,39,1,1
NIFTY,2025-04-29,13:54,13:57,3,SHORT,24457.6,24460.1,24453.8,24452.6,24437.1,2.5,24452.6,T2,2.0,13,CHOCH,NEUTRAL,0.6,0,0,13,54,1,1
NIFTY,2025-04-29,14:30,14:33,3,SHORT,24451.3,24453.8,24447.5,24446.3,24443.8,2.5,24443.8,T3,3.0,15,CHOCH,NEUTRAL,1.8,0,0,14,30,1,1
NIFTY,2025-05-02,13:18,13:21,3,LONG,24386.8,24371.6,24417.2,24432.4,24462.5,15.2,24432.4,T2,3.0,16,CHOCH,TRENDING,14.7,0,0,13,18,4,1
NIFTY,2025-05-02,14:24,14:27,3,SHORT,24434.8,24453.4,24397.6,24379.0,24310.1,18.6,24379.0,T2,3.0,15,BOS,TRENDING,18.1,0,0,14,24,4,1
NIFTY,2025-05-13,11:18,11:21,3,LONG,24790.5,24763.5,24831.0,24844.5,24898.0,27.0,24831.0,T1,1.5,15,CHOCH,NEUTRAL,26.5,0,0,11,18,1,1
NIFTY,2025-05-14,11:45,11:48,3,SHORT,24754.5,24774.0,24715.5,24696.0,24676.5,19.5,24696.0,T2,3.0,12,CHOCH,TRENDING,19.0,0,0,11,45,2,1
NIFTY,2025-05-16,11:33,11:36,3,LONG,25024.6,25004.4,25054.9,25065.0,25085.2,20.2,25054.9,T1,1.5,15,CHOCH,NEUTRAL,19.7,0,0,11,33,4,1
NIFTY,2025-05-16,14:30,14:33,3,SHORT,25069.8,25072.3,25064.8,25062.3,25041.5,2.5,25062.3,T2,3.0,17,CHOCH,TRENDING,1.3,0,0,14,30,4,1
NIFTY,2025-05-21,11:21,11:24,3,SHORT,24964.5,24973.5,24951.0,24946.5,24915.1,9.0,24946.5,T2,2.0,11,CHOCH,NEUTRAL,8.5,0,0,11,21,2,1
NIFTY,2025-05-21,14:21,14:24,3,LONG,24819.5,24810.1,24833.6,24838.3,24900.0,9.4,24838.3,T2,2.0,13,CHOCH,NEUTRAL,8.9,0,0,14,21,2,1
BANKNIFTY,2024-05-24,10:54,10:57,3,LONG,48803.2,48775.5,48844.9,48858.8,48886.5,27.8,48858.8,T2,2.0,13,CHOCH,TRENDING,27.25,0,0,10,54,4,1
BANKNIFTY,2024-05-29,13:57,14:00,3,SHORT,49099.5,49105.1,49093.9,49091.2,49021.3,5.5,49091.2,T2,1.5,14,CHOCH,NEUTRAL,5.05,0,0,13,57,2,1
BANKNIFTY,2024-06-04,13:00,13:03,3,LONG,46942.0,46917.7,46978.4,46990.6,47600.0,24.3,46990.6,T2,2.0,11,CHOCH,TRENDING,23.8,0,0,13,0,1,1
BANKNIFTY,2024-06-07,13:18,13:21,3,SHORT,49881.6,49888.8,49870.8,49867.2,49822.5,7.2,49822.5,T3,8.2,13,CHOCH,TRENDING,6.7,0,0,13,18,4,1
BANKNIFTY,2024-06-07,13:57,14:00,3,SHORT,49900.6,49903.2,49898.0,49896.7,49742.5,2.6,49896.7,T2,1.5,8,BOS,NEUTRAL,2.1,0,0,13,57,4,1
BANKNIFTY,2024-06-11,12:33,12:36,3,SHORT,49875.4,49891.8,49850.8,49842.6,49816.0,16.4,49842.6,T2,2.0,10,BOS,TRENDING,15.9,0,0,12,33,1,1
BANKNIFTY,2024-06-11,14:03,14:06,3,SHORT,49999.5,50033.4,49948.7,49931.7,49836.5,33.9,49931.7,T2,2.0,15,CHOCH,TRENDING,33.4,0,0,14,3,1,1
BANKNIFTY,2024-06-12,12:09,12:12,3,SHORT,50088.3,50113.1,50051.1,50038.7,50013.9,24.8,50038.7,T2,2.0,10,BOS,TRENDING,24.3,0,0,12,9,2,1
BANKNIFTY,2024-06-12,13:33,13:36,3,LONG,49983.0,49954.9,50025.2,50039.2,50067.3,28.1,50025.2,T1,1.5,15,CHOCH,TRENDING,27.6,0,0,13,33,2,1
BANKNIFTY,2024-06-12,14:45,14:48,3,LONG,49984.5,49975.9,49997.3,50001.6,50046.2,8.6,49975.9,SL,-1.0,15,CHOCH,TRENDING,8.05,0,0,14,45,2,0
BANKNIFTY,2024-06-13,11:06,11:09,3,LONG,49949.5,49929.0,49980.2,49990.5,50093.1,20.5,49990.5,T2,2.0,9,CHOCH,TRENDING,20.0,0,0,11,6,3,1
BANKNIFTY,2024-06-13,13:24,13:27,3,SHORT,50019.5,50041.6,49997.4,49986.3,49969.4,22.1,49986.3,T2,1.5,12,BOS,NEUTRAL,21.6,0,0,13,24,3,1
BANKNIFTY,2024-06-14,13:12,13:15,3,LONG,50062.5,50054.0,50075.2,50079.5,50088.3,8.5,50054.0,SL,-1.0,15,CHOCH,TRENDING,8.0,0,0,13,12,4,0
BANKNIFTY,2024-06-14,14:33,14:36,3,LONG,49992.6,49977.8,50014.8,50022.2,50089.2,14.8,50022.2,T2,2.0,15,CHOCH,TRENDING,14.3,0,0,14,33,4,1
BANKNIFTY,2024-06-18,14:39,14:42,3,SHORT,50386.8,50389.3,50383.1,50381.8,50320.1,2.5,50389.3,SL,-1.0,15,BOS,TRENDING,0.35,0,0,14,39,1,0
BANKNIFTY,2024-06-19,10:15,10:18,3,SHORT,51085.3,51133.4,51013.3,50989.2,50374.6,48.0,50989.2,T2,2.0,12,CHOCH,TRENDING,47.55,0,0,10,15,2,1
BANKNIFTY,2024-06-19,11:33,11:36,3,SHORT,50969.7,51000.4,50939.0,50923.7,50827.0,30.7,50923.7,T2,1.5,11,CHOCH,NEUTRAL,30.2,0,0,11,33,2,1
BANKNIFTY,2024-06-20,13:57,14:00,3,SHORT,51727.9,51746.8,51699.5,51690.0,51535.4,18.9,51690.0,T2,2.0,15,CHOCH,TRENDING,18.45,0,0,13,57,3,1
BANKNIFTY,2024-06-24,15:12,15:15,3,LONG,51722.4,51719.9,51724.9,51726.2,51780.8,2.5,51726.2,T2,1.5,15,CHOCH,NEUTRAL,0.05,0,0,15,12,0,1
BANKNIFTY,2024-06-25,14:18,14:21,3,SHORT,52614.5,52640.6,52575.4,52562.4,52400.0,26.1,52562.4,T2,2.0,13,CHOCH,TRENDING,25.55,0,0,14,18,1,1
BANKNIFTY,2024-06-27,10:33,10:36,3,SHORT,53069.5,53095.0,53031.2,53018.5,52705.1,25.5,53018.5,T2,2.0,13,CHOCH,TRENDING,25.0,0,0,10,33,3,1
BANKNIFTY,2024-06-27,12:42,12:45,3,SHORT,53028.1,53037.2,53018.9,53014.4,52948.2,9.1,53014.4,T2,1.5,11,CHOCH,NEUTRAL,8.6,0,0,12,42,3,1
BANKNIFTY,2024-06-27,14:45,14:48,3,LONG,52920.5,52915.7,52927.8,52930.2,52982.5,4.8,52982.5,T3,12.78,14,BOS,TRENDING,4.35,0,0,14,45,3,1
BANKNIFTY,2024-07-02,15:03,15:06,3,SHORT,52388.5,52398.1,52378.9,52374.1,52341.4,9.6,52374.1,T2,1.5,14,CHOCH,NEUTRAL,9.1,0,0,15,3,1,1
BANKNIFTY,2024-07-04,12:48,12:51,3,LONG,53011.4,53002.0,53020.8,53025.5,53044.8,9.4,53044.8,T3,3.55,10,BOS,NEUTRAL,8.9,0,0,12,48,3,1
BANKNIFTY,2024-07-10,12:54,12:57,3,LONG,52260.5,52247.0,52274.0,52280.8,52290.8,13.5,52280.8,T2,1.5,11,CHOCH,NEUTRAL,13.0,0,0,12,54,2,1
BANKNIFTY,2024-07-12,14:21,14:24,3,SHORT,52639.5,52648.2,52630.8,52626.4,52552.8,8.8,52626.4,T2,1.5,15,CHOCH,NEUTRAL,8.25,0,0,14,21,4,1
BANKNIFTY,2024-07-15,14:12,14:15,3,SHORT,52652.1,52659.9,52640.3,52636.3,52602.0,7.8,52636.3,T2,2.0,9,CHOCH,TRENDING,7.35,0,0,14,12,0,1
BANKNIFTY,2024-07-18,15:03,15:06,3,SHORT,52731.1,52755.4,52694.6,52682.4,52658.1,24.4,52682.4,T2,2.0,13,CHOCH,TRENDING,23.85,0,0,15,3,3,1
BANKNIFTY,2024-07-19,11:30,11:33,3,LONG,52281.6,52251.7,52326.4,52341.4,52494.0,29.9,52341.4,T2,2.0,13,CHOCH,TRENDING,29.4,0,0,11,30,4,1
BANKNIFTY,2024-07-19,12:03,12:06,3,LONG,52281.6,52251.7,52311.5,52326.4,52376.8,29.9,52326.4,T2,1.5,13,CHOCH,NEUTRAL,29.4,0,0,12,3,4,1
BANKNIFTY,2024-07-19,13:24,13:27,3,LONG,52252.2,52224.2,52294.2,52308.2,52375.9,28.0,52308.2,T2,2.0,12,BOS,TRENDING,27.5,0,0,13,24,4,1
BANKNIFTY,2024-07-22,10:54,10:57,3,SHORT,52375.0,52380.8,52366.2,52363.3,52318.1,5.8,52363.3,T2,2.0,11,CHOCH,TRENDING,5.35,0,0,10,54,0,1
BANKNIFTY,2024-07-22,12:45,12:48,3,LONG,52207.9,52170.8,52263.5,52282.0,52348.2,37.0,52263.5,T1,1.5,12,BOS,TRENDING,36.55,0,0,12,45,0,1
BANKNIFTY,2024-07-22,14:00,14:03,3,SHORT,52314.5,52340.0,52276.2,52263.5,52238.0,25.5,52276.2,T1,1.5,11,CHOCH,TRENDING,25.0,0,0,14,0,0,1
BANKNIFTY,2024-07-23,13:54,13:57,3,LONG,51690.5,51659.7,51721.3,51736.8,52045.0,30.9,51736.8,T2,1.5,13,CHOCH,NEUTRAL,30.35,0,0,13,54,1,1
BANKNIFTY,2024-07-23,14:27,14:30,3,LONG,51690.5,51659.7,51721.3,51736.8,51949.0,30.9,51736.8,T2,1.5,11,CHOCH,NEUTRAL,30.35,0,0,14,27,1,1
BANKNIFTY,2024-07-24,13:15,13:18,3,LONG,51130.5,51114.7,51154.2,51162.1,51297.0,15.8,51162.1,T2,2.0,14,CHOCH,TRENDING,15.3,0,0,13,15,2,1
BANKNIFTY,2024-07-25,11:24,11:27,3,LONG,50792.8,50775.7,50809.8,50818.3,50993.8,17.1,50818.3,T2,1.5,10,BOS,NEUTRAL,16.55,0,0,11,24,3,1
BANKNIFTY,2024-07-29,14:33,14:36,3,LONG,51450.3,51435.8,51472.1,51479.4,51671.9,14.6,51435.8,SL,-1.0,13,CHOCH,TRENDING,14.05,0,0,14,33,0,0
BANKNIFTY,2024-07-31,10:33,10:36,3,LONG,51540.9,51516.0,51565.8,51578.2,51657.0,24.9,51578.2,T2,1.5,10,BOS,NEUTRAL,24.4,0,0,10,33,2,1
BANKNIFTY,2024-08-01,10:51,10:54,3,SHORT,51937.5,51959.9,51915.1,51903.9,51877.4,22.4,51877.4,T3,2.68,11,BOS,NEUTRAL,21.9,0,0,10,51,3,1
BANKNIFTY,2024-08-01,11:45,11:48,3,SHORT,51932.9,51939.7,51922.9,51919.6,51872.8,6.7,51919.6,T2,2.0,12,CHOCH,TRENDING,6.2,0,0,11,45,3,1
BANKNIFTY,2024-08-01,13:03,13:06,3,LONG,51819.2,51807.2,51837.1,51843.1,51982.4,11.9,51843.1,T2,2.0,15,CHOCH,TRENDING,11.45,0,0,13,3,3,1
BANKNIFTY,2024-08-02,12:03,12:06,3,SHORT,51639.5,51649.4,51624.6,51619.6,51578.8,9.9,51619.6,T2,2.0,13,CHOCH,TRENDING,9.45,0,0,12,3,4,1
BANKNIFTY,2024-08-02,14:27,14:30,3,SHORT,51669.8,51693.0,51635.0,51623.4,51546.1,23.2,51623.4,T2,2.0,11,CHOCH,TRENDING,22.7,0,0,14,27,4,1
BANKNIFTY,2024-08-05,13:24,13:27,3,LONG,50100.8,50058.2,50164.6,50185.9,50320.2,42.5,50185.9,T2,2.0,13,CHOCH,TRENDING,42.05,0,0,13,24,0,1
BANKNIFTY,2024-08-07,12:21,12:24,3,LONG,50095.5,50070.0,50121.0,50133.8,50154.4,25.5,50154.4,T3,2.31,12,BOS,NEUTRAL,25.0,0,0,12,21,2,1
BANKNIFTY,2024-08-07,14:09,14:12,3,LONG,50089.9,50087.4,50092.4,50093.7,50117.6,2.5,50117.6,T3,11.09,13,CHOCH,NEUTRAL,1.3,0,0,14,9,2,1
BANKNIFTY,2024-08-08,10:03,10:06,3,SHORT,50239.5,50242.0,50235.8,50234.5,50171.5,2.5,50171.5,T3,27.2,15,CHOCH,TRENDING,0.85,0,0,10,3,3,1
BANKNIFTY,2024-08-08,10:36,10:39,3,LONG,50125.5,50095.8,50170.0,50184.8,50330.1,29.6,50184.8,T2,2.0,16,CHOCH,TRENDING,29.15,0,0,10,36,3,1
BANKNIFTY,2024-08-08,12:57,13:00,3,SHORT,50360.5,50394.2,50310.0,50293.2,50259.6,33.6,50259.6,T3,3.0,12,BOS,TRENDING,33.15,0,0,12,57,3,1
BANKNIFTY,2024-08-12,13:15,13:18,3,SHORT,50880.2,50894.8,50865.8,50858.5,50791.0,14.5,50858.5,T2,1.5,9,CHOCH,NEUTRAL,14.0,0,0,13,15,0,1
BANKNIFTY,2024-08-12,14:21,14:24,3,SHORT,50932.5,50947.6,50909.9,50902.4,50817.0,15.1,50902.4,T2,2.0,15,CHOCH,TRENDING,14.55,0,0,14,21,0,1
BANKNIFTY,2024-08-13,11:39,11:42,3,LONG,50530.4,50527.9,50532.9,50534.2,50551.6,2.5,50527.9,SL,-1.0,12,CHOCH,NEUTRAL,1.15,0,0,11,39,1,0
BANKNIFTY,2024-08-16,14:33,14:36,3,SHORT,50634.5,50664.0,50590.2,50575.5,50495.1,29.5,50590.2,T1,1.5,13,CHOCH,TRENDING,29.0,0,0,14,33,4,1
BANKNIFTY,2024-08-16,15:06,15:21,15,SHORT,50634.5,50664.0,50590.2,50575.5,50546.0,29.5,50617.2,EOD,0.59,13,CHOCH,TRENDING,29.0,0,0,15,6,4,1
BANKNIFTY,2024-08-22,12:12,12:15,3,SHORT,51065.2,51071.9,51054.9,51051.6,50963.2,6.8,51051.6,T2,2.0,16,CHOCH,TRENDING,6.3,0,0,12,12,3,1
BANKNIFTY,2024-08-22,13:27,13:30,3,SHORT,51064.6,51071.6,51057.6,51054.1,51028.9,7.0,51054.1,T2,1.5,14,CHOCH,NEUTRAL,6.5,0,0,13,27,3,1
BANKNIFTY,2024-08-29,11:45,11:48,3,SHORT,51492.6,51498.6,51483.6,51480.6,51474.6,6.0,51474.6,T3,3.0,13,BOS,TRENDING,5.5,0,0,11,45,3,1
BANKNIFTY,2024-08-29,14:54,14:57,3,LONG,51421.1,51381.2,51480.9,51500.9,51597.5,39.9,51500.9,T2,2.0,12,BOS,TRENDING,39.4,0,0,14,54,3,1
BANKNIFTY,2024-08-30,14:27,14:30,3,SHORT,51715.4,51732.7,51689.5,51680.9,51663.3,17.2,51680.9,T2,2.0,15,CHOCH,TRENDING,16.75,0,0,14,27,4,1
BANKNIFTY,2024-09-02,11:24,11:27,3,LONG,51645.5,51639.0,51655.2,51658.5,51680.0,6.5,51658.5,T2,2.0,14,BOS,TRENDING,6.0,0,0,11,24,0,1
BANKNIFTY,2024-09-03,13:57,14:00,3,SHORT,51649.5,51661.6,51631.3,51625.3,51613.2,12.1,51625.3,T2,2.0,15,CHOCH,TRENDING,11.6,0,0,13,57,1,1
BANKNIFTY,2024-09-10,10:03,10:06,3,SHORT,51230.6,51247.4,51205.3,51196.9,51043.5,16.9,51196.9,T2,2.0,13,BOS,TRENDING,16.35,0,0,10,3,1,1
BANKNIFTY,2024-09-11,13:27,13:30,3,LONG,51285.4,51275.0,51301.1,51306.3,51340.6,10.4,51306.3,T2,2.0,11,CHOCH,TRENDING,9.95,0,0,13,27,2,1
BANKNIFTY,2024-09-13,13:33,13:36,3,SHORT,51924.7,51930.3,51916.2,51913.3,51779.9,5.7,51913.3,T2,2.0,15,BOS,TRENDING,5.15,0,0,13,33,4,1
BANKNIFTY,2024-09-16,10:42,10:45,3,SHORT,52230.1,52236.1,52224.0,52221.0,52192.7,6.0,52221.0,T2,1.5,9,CHOCH,NEUTRAL,5.55,0,0,10,42,0,1
BANKNIFTY,2024-09-17,13:21,13:24,3,SHORT,52329.5,52335.0,52324.0,52321.2,52297.1,5.5,52335.0,SL,-1.0,15,CHOCH,NEUTRAL,5.0,0,0,13,21,1,0
BANKNIFTY,2024-09-18,13:36,13:39,3,SHORT,52787.2,52806.2,52758.7,52749.2,52685.0,19.0,52749.2,T2,2.0,12,BOS,TRENDING,18.5,0,0,13,36,2,1
BANKNIFTY,2024-09-24,13:33,13:36,3,SHORT,54149.5,54161.0,54132.2,54126.5,54114.7,11.5,54126.5,T2,2.0,10,BOS,TRENDING,11.0,0,0,13,33,1,1
BANKNIFTY,2024-09-24,14:24,14:27,3,SHORT,54172.1,54190.3,54144.7,54135.6,54111.5,18.2,54111.5,T3,3.32,15,CHOCH,TRENDING,17.75,0,0,14,24,1,1
BANKNIFTY,2024-09-25,10:21,10:24,3,LONG,53998.9,53993.5,54004.4,54007.1,54055.5,5.5,54055.5,T3,10.37,16,CHOCH,NEUTRAL,4.95,0,0,10,21,2,1
BANKNIFTY,2024-10-01,14:51,14:54,3,LONG,53365.4,53360.6,53372.7,53375.2,53455.3,4.8,53375.2,T2,2.0,15,CHOCH,TRENDING,4.35,0,0,14,51,1,1
BANKNIFTY,2024-10-08,12:06,12:09,3,SHORT,51352.0,51355.0,51347.5,51346.0,51150.0,3.0,51355.0,SL,-1.0,13,BOS,TRENDING,2.5,0,0,12,6,1,0
BANKNIFTY,2024-10-08,12:39,12:42,3,SHORT,51354.5,51367.6,51334.8,51328.3,51252.8,13.1,51328.3,T2,2.0,11,BOS,TRENDING,12.6,0,0,12,39,1,1
BANKNIFTY,2024-10-08,14:33,14:36,3,SHORT,51490.5,51510.1,51470.9,51461.2,51258.9,19.6,51461.2,T2,1.5,15,BOS,NEUTRAL,19.05,0,0,14,33,1,1
BANKNIFTY,2024-10-14,13:33,13:36,3,LONG,51934.4,51919.7,51949.1,51956.4,51984.0,14.7,51984.0,T3,3.37,12,BOS,NEUTRAL,14.2,0,0,13,33,0,1
BANKNIFTY,2024-10-15,13:03,13:06,3,SHORT,52080.6,52105.7,52042.9,52030.3,51987.4,25.1,52030.3,T2,2.0,14,CHOCH,TRENDING,24.6,0,0,13,3,1,1
BANKNIFTY,2024-10-17,11:54,11:57,3,LONG,51430.4,51408.1,51463.9,51475.1,51615.3,22.4,51475.1,T2,2.0,15,CHOCH,TRENDING,21.85,0,0,11,54,3,1
BANKNIFTY,2024-10-18,15:06,15:09,3,SHORT,52286.9,52293.6,52276.8,52273.5,52254.7,6.7,52293.6,SL,-1.0,13,CHOCH,TRENDING,6.2,0,0,15,6,4,0
BANKNIFTY,2024-10-22,14:12,14:15,3,LONG,51698.6,51660.1,51737.0,51756.2,51886.8,38.5,51756.2,T2,1.5,12,BOS,NEUTRAL,37.95,0,0,14,12,1,1
BANKNIFTY,2024-10-24,12:06,12:09,3,SHORT,51758.2,51782.2,51734.3,51722.3,51672.6,23.9,51722.3,T2,1.5,12,BOS,NEUTRAL,23.45,0,0,12,6,3,1
BANKNIFTY,2024-10-25,13:24,13:27,3,SHORT,50668.5,50691.9,50645.1,50633.3,50581.5,23.4,50633.3,T2,1.5,13,CHOCH,NEUTRAL,22.95,0,0,13,24,4,1
BANKNIFTY,2024-10-28,12:45,12:48,3,SHORT,51481.7,51527.2,51413.5,51390.8,51300.0,45.5,51390.8,T2,2.0,12,CHOCH,TRENDING,44.95,0,0,12,45,0,1
BANKNIFTY,2024-10-29,10:33,10:36,3,SHORT,51490.9,51516.2,51453.0,51440.3,51307.2,25.3,51440.3,T2,2.0,15,CHOCH,TRENDING,24.8,0,0,10,33,1,1
BANKNIFTY,2024-10-30,11:27,11:30,3,LONG,51959.3,51928.5,51990.2,52005.6,52095.0,30.9,52005.6,T2,1.5,9,BOS,NEUTRAL,30.35,0,0,11,27,2,1
BANKNIFTY,2024-11-04,13:12,13:15,3,LONG,51369.4,51360.1,51383.5,51388.2,51439.8,9.3,51388.2,T2,2.0,12,BOS,TRENDING,8.85,0,0,13,12,0,1
BANKNIFTY,2024-11-06,11:06,11:09,3,SHORT,52563.7,52578.3,52541.7,52534.3,52452.5,14.7,52534.3,T2,2.0,11,CHOCH,TRENDING,14.15,0,0,11,6,2,1
BANKNIFTY,2024-11-06,13:24,13:36,12,SHORT,52614.5,52634.1,52585.2,52575.4,52555.8,19.6,52634.1,SL,-1.0,12,BOS,TRENDING,19.05,0,0,13,24,2,0
BANKNIFTY,2024-11-08,12:18,12:21,3,LONG,51775.1,51753.6,51807.2,51817.9,51918.7,21.4,51817.9,T2,2.0,13,CHOCH,TRENDING,20.95,0,0,12,18,4,1
BANKNIFTY,2024-11-11,15:12,15:15,3,LONG,52110.5,52100.0,52126.2,52131.5,52145.2,10.5,52100.0,SL,-1.0,15,CHOCH,TRENDING,10.0,0,0,15,12,0,0
BANKNIFTY,2024-11-13,12:27,12:30,3,LONG,50880.4,50852.8,50908.2,50922.0,50935.8,27.7,50908.2,T1,1.0,15,BOS,NEUTRAL,27.2,0,0,12,27,2,1
BANKNIFTY,2024-11-18,15:15,15:18,3,LONG,50415.5,50401.7,50436.2,50443.1,50499.7,13.8,50443.1,T2,2.0,15,CHOCH,TRENDING,13.3,0,0,15,15,0,1
BANKNIFTY,2024-11-25,14:39,14:42,3,LONG,52060.2,52038.5,52082.0,52092.9,52228.3,21.8,52092.9,T2,1.5,13,CHOCH,NEUTRAL,21.25,0,0,14,39,0,1
BANKNIFTY,2024-11-27,13:09,13:12,3,SHORT,52433.2,52435.9,52429.3,52427.9,52403.8,2.6,52403.8,T3,11.13,13,CHOCH,TRENDING,2.15,0,0,13,9,2,1
BANKNIFTY,2024-11-28,12:09,12:12,3,LONG,52492.5,52473.8,52511.2,52520.6,52603.0,18.7,52473.8,SL,-1.0,10,BOS,NEUTRAL,18.2,0,0,12,9,3,0
BANKNIFTY,2024-11-28,13:57,14:00,3,LONG,52332.2,52310.2,52365.1,52376.1,52573.2,21.9,52376.1,T2,2.0,13,CHOCH,TRENDING,21.45,0,0,13,57,3,1
BANKNIFTY,2024-11-29,12:57,13:00,3,LONG,52152.9,52135.4,52179.1,52187.8,52329.0,17.4,52187.8,T2,2.0,13,CHOCH,TRENDING,16.95,0,0,12,57,4,1
BANKNIFTY,2024-12-03,11:39,11:42,3,SHORT,52909.5,52928.4,52881.2,52871.7,52806.1,18.9,52871.7,T2,2.0,9,CHOCH,TRENDING,18.4,0,0,11,39,1,1
BANKNIFTY,2024-12-03,12:21,12:24,3,SHORT,52834.5,52853.7,52805.8,52796.2,52777.1,19.1,52777.1,T3,3.0,14,BOS,TRENDING,18.65,0,0,12,21,1,1
BANKNIFTY,2024-12-03,15:06,15:09,3,SHORT,52916.5,52934.0,52890.2,52881.5,52841.6,17.5,52841.6,T3,4.28,12,BOS,TRENDING,17.0,0,0,15,6,1,1
BANKNIFTY,2024-12-05,14:51,14:54,3,SHORT,53842.5,53890.3,53770.7,53746.8,53622.0,47.9,53622.0,T3,4.61,16,BOS,TRENDING,47.35,0,0,14,51,3,1
BANKNIFTY,2024-12-06,11:48,11:51,3,SHORT,53749.8,53772.8,53715.5,53704.1,53654.6,22.9,53704.1,T2,2.0,13,CHOCH,TRENDING,22.4,0,0,11,48,4,1
BANKNIFTY,2024-12-11,13:51,13:54,3,LONG,53629.5,53615.9,53649.9,53656.7,53692.7,13.6,53656.7,T2,2.0,14,CHOCH,TRENDING,13.1,0,0,13,51,2,1
BANKNIFTY,2024-12-12,14:18,14:21,3,LONG,53440.5,53430.0,53456.2,53461.5,53472.0,10.5,53461.5,T2,2.0,16,CHOCH,TRENDING,10.0,0,0,14,18,3,1
BANKNIFTY,2024-12-13,11:45,11:48,3,LONG,52689.4,52684.8,52696.5,52698.8,52951.4,4.7,52698.8,T2,2.0,10,BOS,TRENDING,4.2,0,0,11,45,4,1
BANKNIFTY,2024-12-16,12:36,12:39,3,LONG,53510.5,53465.9,53555.1,53577.4,53603.0,44.6,53577.4,T2,1.5,14,CHOCH,NEUTRAL,44.1,0,0,12,36,0,1
BANKNIFTY,2024-12-16,14:24,14:27,3,SHORT,53693.0,53697.6,53688.4,53686.2,53645.5,4.5,53686.2,T2,1.5,11,CHOCH,NEUTRAL,4.05,0,0,14,24,0,1
BANKNIFTY,2024-12-17,12:48,12:51,3,LONG,52957.8,52909.7,53006.1,53030.2,53144.0,48.2,53030.2,T2,1.5,16,CHOCH,NEUTRAL,47.7,0,0,12,48,1,1
BANKNIFTY,2024-12-17,14:48,14:51,3,LONG,52935.5,52901.2,52969.8,52986.9,53041.8,34.3,52986.9,T2,1.5,14,CHOCH,NEUTRAL,33.8,0,0,14,48,1,1
BANKNIFTY,2024-12-23,13:45,13:48,3,LONG,51239.3,51217.0,51272.9,51284.1,51306.4,22.4,51284.1,T2,2.0,13,CHOCH,TRENDING,21.85,0,0,13,45,0,1
BANKNIFTY,2024-12-26,11:27,11:30,3,LONG,51619.2,51606.0,51638.9,51645.4,51678.5,13.2,51678.5,T3,4.51,13,CHOCH,TRENDING,12.65,0,0,11,27,3,1
BANKNIFTY,2024-12-27,11:21,11:24,3,SHORT,51932.8,51966.6,51899.0,51882.1,51861.8,33.8,51861.8,T3,2.1,13,CHOCH,NEUTRAL,33.3,0,0,11,21,4,1
BANKNIFTY,2024-12-30,14:57,15:00,3,LONG,51303.5,51276.0,51344.8,51358.5,51754.8,27.5,51358.5,T2,2.0,10,BOS,TRENDING,27.0,0,0,14,57,0,1
BANKNIFTY,2024-12-31,14:18,14:21,3,SHORT,51300.5,51307.1,51290.6,51287.3,51207.5,6.6,51287.3,T2,2.0,13,CHOCH,TRENDING,6.1,0,0,14,18,1,1
BANKNIFTY,2025-01-01,11:36,11:39,3,SHORT,51380.0,51391.3,51363.1,51357.4,51170.0,11.3,51357.4,T2,2.0,11,CHOCH,TRENDING,10.8,0,0,11,36,2,1
BANKNIFTY,2025-01-01,12:57,13:00,3,SHORT,51429.5,51461.1,51397.9,51382.1,51315.8,31.6,51382.1,T2,1.5,12,BOS,NEUTRAL,31.1,0,0,12,57,2,1
BANKNIFTY,2025-01-02,11:48,11:51,3,SHORT,51525.1,51538.1,51512.2,51505.7,51462.5,12.9,51462.5,T3,4.83,15,CHOCH,NEUTRAL,12.45,0,0,11,48,3,1
BANKNIFTY,2025-01-03,11:54,11:57,3,LONG,51590.4,51581.8,51603.3,51607.6,51639.0,8.6,51639.0,T3,5.65,11,CHOCH,TRENDING,8.1,0,0,11,54,4,1
BANKNIFTY,2025-01-03,13:00,13:03,3,LONG,51470.5,51463.7,51480.7,51484.1,51645.0,6.8,51484.1,T2,2.0,13,CHOCH,TRENDING,6.3,0,0,13,0,4,1
BANKNIFTY,2025-01-07,13:51,13:54,3,SHORT,50593.6,50598.2,50586.7,50584.4,50457.2,4.6,50584.4,T2,2.0,11,CHOCH,TRENDING,4.1,0,0,13,51,1,1
BANKNIFTY,2025-01-08,12:21,12:24,3,LONG,49765.5,49754.9,49781.3,49786.6,50451.6,10.6,49786.6,T2,2.0,13,CHOCH,TRENDING,10.05,0,0,12,21,2,1
BANKNIFTY,2025-01-13,11:30,11:33,3,SHORT,48699.5,48710.1,48688.9,48683.7,48540.0,10.6,48683.7,T2,1.5,11,CHOCH,NEUTRAL,10.05,0,0,11,30,0,1
BANKNIFTY,2025-01-14,12:03,12:06,3,SHORT,48778.5,48793.2,48756.4,48749.0,48715.0,14.8,48715.0,T3,4.31,12,BOS,TRENDING,14.25,0,0,12,3,1,1
BANKNIFTY,2025-01-15,11:33,11:36,3,SHORT,49080.5,49129.7,49006.8,48982.2,48932.9,49.1,48982.2,T2,2.0,14,CHOCH,TRENDING,48.65,0,0,11,33,2,1
BANKNIFTY,2025-01-16,14:06,14:09,3,SHORT,49560.5,49576.2,49536.9,49529.0,49465.1,15.8,49536.9,T1,1.5,14,BOS,TRENDING,15.25,0,0,14,6,3,1
BANKNIFTY,2025-01-17,13:09,13:12,3,SHORT,48656.3,48663.5,48649.2,48645.6,48548.4,7.2,48645.6,T2,1.5,11,CHOCH,NEUTRAL,6.65,0,0,13,9,4,1
BANKNIFTY,2025-01-20,14:00,14:03,3,SHORT,49649.5,49657.5,49637.5,49633.5,49407.8,8.0,49633.5,T2,2.0,15,BOS,TRENDING,7.5,0,0,14,0,0,1
BANKNIFTY,2025-01-22,14:09,14:12,3,LONG,48290.4,48242.3,48362.6,48386.7,48593.0,48.1,48386.7,T2,2.0,13,BOS,TRENDING,47.6,0,0,14,9,2,1
BANKNIFTY,2025-01-23,10:54,10:57,3,SHORT,48839.5,48877.2,48782.9,48764.0,48726.2,37.8,48782.9,T1,1.5,13,CHOCH,TRENDING,37.25,0,0,10,54,3,1
BANKNIFTY,2025-01-23,12:21,12:24,3,LONG,48697.2,48663.3,48747.9,48764.8,48874.6,33.9,48764.8,T2,2.0,15,CHOCH,TRENDING,33.35,0,0,12,21,3,1
BANKNIFTY,2025-01-23,13:12,13:15,3,LONG,48771.9,48759.8,48784.1,48790.1,48875.4,12.1,48790.1,T2,1.5,10,BOS,NEUTRAL,11.6,0,0,13,12,3,1
BANKNIFTY,2025-01-23,14:03,14:06,3,SHORT,48799.7,48830.4,48753.7,48738.3,48683.2,30.7,48738.3,T2,2.0,13,CHOCH,TRENDING,30.2,0,0,14,3,3,1
BANKNIFTY,2025-01-28,13:24,13:27,3,SHORT,49124.9,49130.9,49116.0,49113.1,49040.0,6.0,49113.1,T2,2.0,14,CHOCH,TRENDING,5.45,0,0,13,24,1,1
BANKNIFTY,2025-01-29,11:18,11:21,3,SHORT,49018.0,49037.0,48989.5,48980.0,48868.3,19.0,48868.3,T3,7.88,15,CHOCH,TRENDING,18.5,0,0,11,18,2,1
BANKNIFTY,2025-01-30,14:30,14:33,3,SHORT,49280.7,49294.3,49260.2,49253.3,49203.6,13.7,49253.3,T2,2.0,14,BOS,TRENDING,13.15,0,0,14,30,3,1
BANKNIFTY,2025-01-30,15:06,15:09,3,LONG,49258.5,49236.0,49281.0,49292.2,49303.5,22.5,49281.0,T1,1.0,15,CHOCH,NEUTRAL,22.0,0,0,15,6,3,1
BANKNIFTY,2025-01-31,13:33,13:36,3,SHORT,49950.7,49957.5,49940.5,49937.1,49880.0,6.8,49880.0,T3,10.4,10,CHOCH,TRENDING,6.3,0,0,13,33,4,1
BANKNIFTY,2025-02-04,13:42,13:45,3,SHORT,50211.5,50217.9,50205.1,50201.8,50099.7,6.5,50201.8,T2,1.5,11,CHOCH,NEUTRAL,5.95,0,0,13,42,1,1
BANKNIFTY,2025-02-05,10:18,10:21,3,SHORT,50590.8,50597.7,50580.6,50577.2,50527.1,6.8,50577.2,T2,2.0,9,CHOCH,TRENDING,6.35,0,0,10,18,2,1
BANKNIFTY,2025-02-07,15:03,15:06,3,LONG,50250.4,50221.3,50294.1,50308.6,50413.6,29.1,50308.6,T2,2.0,14,BOS,TRENDING,28.6,0,0,15,3,4,1
BANKNIFTY,2025-02-10,11:51,11:54,3,LONG,50040.4,50029.8,50051.1,50056.3,50103.0,10.6,50056.3,T2,1.5,13,CHOCH,NEUTRAL,10.1,0,0,11,51,0,1
BANKNIFTY,2025-02-10,12:24,12:27,3,LONG,50021.1,50003.2,50038.9,50047.9,50103.0,17.9,50047.9,T2,1.5,11,CHOCH,NEUTRAL,17.4,0,0,12,24,0,1
BANKNIFTY,2025-02-10,13:00,13:03,3,LONG,50021.1,50003.2,50038.9,50047.9,50107.4,17.9,50003.2,SL,-1.0,13,CHOCH,NEUTRAL,17.4,0,0,13,0,0,0
BANKNIFTY,2025-02-12,10:48,10:51,3,LONG,49295.5,49266.8,49338.6,49352.9,49749.9,28.7,49352.9,T2,2.0,10,BOS,TRENDING,28.2,0,0,10,48,2,1
BANKNIFTY,2025-02-12,11:21,11:24,3,LONG,49192.4,49150.8,49255.0,49275.8,49325.0,41.7,49275.8,T2,2.0,9,BOS,TRENDING,41.2,0,0,11,21,2,1
BANKNIFTY,2025-02-13,15:18,15:21,3,LONG,49577.3,49571.9,49585.4,49588.2,49649.0,5.4,49550.3,EOD,-5.0,10,BOS,TRENDING,4.9,0,0,15,18,3,0
BANKNIFTY,2025-02-18,12:51,12:54,3,SHORT,49124.5,49151.0,49098.0,49084.8,49032.4,26.5,49032.4,T3,3.48,15,CHOCH,NEUTRAL,26.0,0,0,12,51,1,1
BANKNIFTY,2025-02-19,10:48,10:51,3,SHORT,49677.5,49713.2,49623.9,49606.0,49513.9,35.8,49513.9,T3,4.57,11,CHOCH,TRENDING,35.25,0,0,10,48,2,1
BANKNIFTY,2025-02-19,13:36,13:39,3,LONG,49570.7,49553.8,49587.7,49596.1,49690.0,16.9,49596.1,T2,1.5,11,CHOCH,NEUTRAL,16.45,0,0,13,36,2,1
BANKNIFTY,2025-02-21,13:00,13:03,3,SHORT,49049.5,49068.3,49021.3,49011.9,48899.7,18.8,49011.9,T2,2.0,15,CHOCH,TRENDING,18.3,0,0,13,0,4,1
BANKNIFTY,2025-02-21,14:09,14:12,3,LONG,48979.8,48968.1,48997.4,49003.3,49162.2,11.8,49003.3,T2,2.0,14,CHOCH,TRENDING,11.25,0,0,14,9,4,1
BANKNIFTY,2025-02-21,15:18,15:21,3,SHORT,49076.7,49115.6,49018.4,48999.0,48946.0,38.9,49005.2,EOD,1.84,13,CHOCH,TRENDING,38.35,0,0,15,18,4,1
BANKNIFTY,2025-02-24,13:39,14:00,21,SHORT,48689.5,48731.2,48626.9,48606.0,48564.2,41.8,48731.2,SL,-1.0,12,CHOCH,TRENDING,41.25,0,0,13,39,0,0
BANKNIFTY,2025-03-03,12:06,12:09,3,LONG,48197.4,48172.7,48222.2,48234.6,48339.3,24.8,48234.6,T2,1.5,13,CHOCH,NEUTRAL,24.25,0,0,12,6,0,1
BANKNIFTY,2025-03-04,10:12,10:15,3,SHORT,48424.5,48450.0,48399.0,48386.2,48260.0,25.5,48399.0,T1,1.0,13,CHOCH,NEUTRAL,25.0,0,0,10,12,1,1
BANKNIFTY,2025-03-04,11:42,11:45,3,SHORT,48465.5,48491.7,48439.3,48426.3,48341.5,26.1,48426.3,T2,1.5,12,BOS,NEUTRAL,25.65,0,0,11,42,1,1
BANKNIFTY,2025-03-04,14:33,14:36,3,SHORT,48501.3,48529.0,48459.8,48445.9,48418.2,27.7,48445.9,T2,2.0,15,CHOCH,TRENDING,27.2,0,0,14,33,1,1
BANKNIFTY,2025-03-04,15:18,15:21,3,LONG,48435.5,48408.2,48476.4,48490.0,48586.2,27.2,48519.9,EOD,3.1,13,CHOCH,TRENDING,26.75,0,0,15,18,1,1
BANKNIFTY,2025-03-07,14:30,14:33,3,LONG,48601.2,48561.2,48641.2,48661.2,48681.2,40.0,48681.2,T3,2.0,17,CHOCH,NEUTRAL,39.5,0,0,14,30,4,1
BANKNIFTY,2025-03-11,11:00,11:03,3,LONG,48050.5,48029.2,48082.4,48093.1,48364.0,21.3,48093.1,T2,2.0,10,BOS,TRENDING,20.8,0,0,11,0,1,1
BANKNIFTY,2025-03-12,10:51,10:54,3,SHORT,48260.6,48266.9,48251.0,48247.8,48164.9,6.3,48247.8,T2,2.0,15,CHOCH,TRENDING,5.85,0,0,10,51,2,1
BANKNIFTY,2025-03-13,13:36,13:39,3,LONG,48231.1,48225.4,48239.6,48242.4,48320.2,5.7,48242.4,T2,2.0,13,CHOCH,TRENDING,5.15,0,0,13,36,3,1
BANKNIFTY,2025-03-17,13:57,14:00,3,LONG,48418.3,48393.9,48442.8,48454.9,48483.6,24.4,48454.9,T2,1.5,15,CHOCH,NEUTRAL,23.9,0,0,13,57,0,1
BANKNIFTY,2025-03-21,11:57,12:21,24,SHORT,50461.5,50496.0,50409.8,50392.5,50358.0,34.5,50496.0,SL,-1.0,13,BOS,TRENDING,34.0,0,0,11,57,4,0
BANKNIFTY,2025-03-21,13:33,13:36,3,SHORT,50538.2,50567.3,50509.0,50494.4,50420.0,29.1,50494.4,T2,1.5,8,BOS,NEUTRAL,28.65,0,0,13,33,4,1
BANKNIFTY,2025-03-25,13:51,13:54,3,LONG,51724.6,51704.1,51755.2,51765.4,51850.8,20.4,51765.4,T2,2.0,14,BOS,TRENDING,19.95,0,0,13,51,1,1
BANKNIFTY,2025-03-26,14:24,14:27,3,LONG,51255.6,51235.1,51276.0,51286.2,51328.9,20.4,51286.2,T2,1.5,11,CHOCH,NEUTRAL,19.95,0,0,14,24,2,1
BANKNIFTY,2025-03-27,12:33,12:36,3,SHORT,51636.9,51641.1,51632.7,51630.6,51611.4,4.2,51641.1,SL,-1.0,13,CHOCH,NEUTRAL,3.7,0,0,12,33,3,0
BANKNIFTY,2025-03-27,14:12,14:15,3,SHORT,51649.6,51652.1,51645.8,51644.6,51620.5,2.5,51644.6,T2,2.0,15,CHOCH,TRENDING,0.1,0,0,14,12,3,1
BANKNIFTY,2025-03-28,12:54,12:57,3,LONG,51734.2,51726.1,51746.4,51750.5,51886.4,8.2,51750.5,T2,2.0,13,CHOCH,TRENDING,7.65,0,0,12,54,4,1
BANKNIFTY,2025-03-28,13:36,13:39,3,LONG,51765.4,51758.4,51775.9,51779.4,51886.4,7.0,51758.4,SL,-1.0,12,BOS,TRENDING,6.5,0,0,13,36,4,0
BANKNIFTY,2025-04-01,12:12,12:15,3,LONG,51111.8,51097.4,51133.2,51140.3,51249.3,14.3,51140.3,T2,2.0,9,BOS,TRENDING,13.8,0,0,12,12,1,1
BANKNIFTY,2025-04-03,12:33,12:36,3,SHORT,51695.3,51714.2,51667.1,51657.7,51638.8,18.9,51714.2,SL,-1.0,12,BOS,TRENDING,18.35,0,0,12,33,3,0
BANKNIFTY,2025-04-03,14:39,14:42,3,SHORT,51810.9,51818.8,51803.1,51799.1,51789.1,7.9,51799.1,T2,1.5,13,CHOCH,NEUTRAL,7.4,0,0,14,39,3,1
BANKNIFTY,2025-04-03,15:12,15:15,3,SHORT,51804.8,51811.6,51797.9,51794.6,51786.0,6.8,51794.6,T2,1.5,12,BOS,NEUTRAL,6.3,0,0,15,12,3,1
BANKNIFTY,2025-04-07,13:24,13:27,3,LONG,49454.3,49427.8,49480.8,49494.1,49650.0,26.6,49494.1,T2,1.5,12,CHOCH,NEUTRAL,26.05,0,0,13,24,0,1
BANKNIFTY,2025-04-09,12:06,12:09,3,LONG,50249.5,50213.0,50286.0,50304.2,50407.8,36.5,50286.0,T1,1.0,12,CHOCH,NEUTRAL,36.0,0,0,12,6,2,1
BANKNIFTY,2025-04-15,12:06,12:09,3,SHORT,52403.7,52426.2,52369.9,52358.7,52313.2,22.5,52369.9,T1,1.5,10,CHOCH,TRENDING,22.0,0,0,12,6,1,1
BANKNIFTY,2025-04-15,14:30,14:33,3,SHORT,52381.1,52383.6,52377.3,52376.1,52330.2,2.5,52376.1,T2,2.0,12,CHOCH,TRENDING,2.0,0,0,14,30,1,1
BANKNIFTY,2025-04-16,13:21,13:24,3,SHORT,52789.5,52799.0,52775.2,52770.5,52721.4,9.5,52721.4,T3,7.17,16,CHOCH,TRENDING,9.0,0,0,13,21,2,1
BANKNIFTY,2025-04-22,12:09,12:12,3,SHORT,55704.7,55733.6,55661.3,55646.9,55566.6,28.9,55646.9,T2,2.0,9,BOS,TRENDING,28.4,0,0,12,9,1,1
BANKNIFTY,2025-04-23,11:45,11:48,3,LONG,55320.3,55309.6,55331.0,55336.3,55437.6,10.7,55336.3,T2,1.5,13,CHOCH,NEUTRAL,10.2,0,0,11,45,2,1
BANKNIFTY,2025-04-23,12:45,12:48,3,LONG,55266.5,55219.0,55314.0,55337.8,55372.5,47.5,55314.0,T1,1.0,12,CHOCH,NEUTRAL,47.0,0,0,12,45,2,1
BANKNIFTY,2025-04-25,12:30,12:33,3,LONG,54630.5,54623.8,54640.6,54643.9,54752.8,6.7,54643.9,T2,2.0,13,CHOCH,TRENDING,6.2,0,0,12,30,4,1
BANKNIFTY,2025-04-25,14:36,14:39,3,SHORT,54860.9,54883.0,54827.8,54816.7,54730.6,22.1,54816.7,T2,2.0,13,CHOCH,TRENDING,21.6,0,0,14,36,4,1
BANKNIFTY,2025-04-28,13:21,13:24,3,SHORT,55704.5,55710.0,55696.2,55693.5,55673.5,5.5,55710.0,SL,-1.0,13,CHOCH,TRENDING,5.0,0,0,13,21,0,0
BANKNIFTY,2025-04-29,12:39,12:42,3,LONG,55537.9,55526.6,55554.8,55560.5,55684.0,11.3,55560.5,T2,2.0,15,CHOCH,TRENDING,10.8,0,0,12,39,1,1
BANKNIFTY,2025-05-02,13:21,13:24,3,LONG,55230.5,55210.0,55251.0,55261.2,55427.4,20.5,55261.2,T2,1.5,15,CHOCH,NEUTRAL,20.0,0,0,13,21,4,1
BANKNIFTY,2025-05-05,12:54,12:57,3,LONG,54963.3,54940.6,54997.3,55008.7,55054.8,22.7,55008.7,T2,2.0,12,CHOCH,TRENDING,22.2,0,0,12,54,0,1
BANKNIFTY,2025-05-05,13:27,13:30,3,LONG,55022.9,54974.2,55095.9,55120.3,55169.0,48.7,55095.9,T1,1.5,14,BOS,TRENDING,48.2,0,0,13,27,0,1
BANKNIFTY,2025-05-06,12:30,12:33,3,LONG,54685.5,54669.0,54710.2,54718.5,54748.8,16.5,54718.5,T2,2.0,14,BOS,TRENDING,16.0,0,0,12,30,1,1
BANKNIFTY,2025-05-09,11:27,11:30,3,LONG,53813.9,53777.2,53850.6,53868.9,53990.0,36.7,53990.0,T3,4.8,10,BOS,NEUTRAL,36.2,0,0,11,27,4,1
BANKNIFTY,2025-05-09,14:18,14:21,3,LONG,53700.5,53688.8,53718.1,53723.9,53830.3,11.7,53688.8,SL,-1.0,15,CHOCH,TRENDING,11.2,0,0,14,18,4,0
BANKNIFTY,2025-05-12,11:48,11:51,3,SHORT,55390.3,55401.8,55373.1,55367.3,55303.2,11.5,55367.3,T2,2.0,13,CHOCH,TRENDING,11.0,0,0,11,48,0,1
BANKNIFTY,2025-05-13,10:51,10:54,3,LONG,55238.9,55215.6,55262.2,55273.8,55350.0,23.3,55215.6,SL,-1.0,15,CHOCH,NEUTRAL,22.8,0,0,10,51,1,0
BANKNIFTY,2025-05-13,11:24,11:27,3,LONG,55280.5,55237.8,55323.2,55344.6,55365.9,42.7,55365.9,T3,2.0,14,BOS,NEUTRAL,42.2,0,0,11,24,1,1
BANKNIFTY,2025-05-14,14:21,14:24,3,LONG,54736.7,54704.0,54785.8,54802.1,54950.8,32.7,54802.1,T2,2.0,10,BOS,TRENDING,32.2,0,0,14,21,2,1
BANKNIFTY,2025-05-15,12:06,12:09,3,LONG,54817.7,54800.6,54834.8,54843.3,55032.0,17.1,54843.3,T2,1.5,11,CHOCH,NEUTRAL,16.6,0,0,12,6,3,1
BANKNIFTY,2025-05-19,13:03,13:06,3,SHORT,55779.5,55790.0,55769.0,55763.8,55713.3,10.5,55763.8,T2,1.5,13,CHOCH,NEUTRAL,10.0,0,0,13,3,0,1
BANKNIFTY,2025-05-20,12:18,12:21,3,LONG,55304.5,55287.0,55322.0,55330.8,55341.1,17.5,55330.8,T2,1.5,14,BOS,NEUTRAL,17.0,0,0,12,18,1,1
BANKNIFTY,2025-05-20,15:09,15:12,3,LONG,55080.3,55057.4,55103.2,55114.7,55229.6,22.9,55114.7,T2,1.5,14,BOS,NEUTRAL,22.4,0,0,15,9,1,1
