trade_id,symbol,contract,direction,entry_time,exit_time,entry_price,exit_price,contracts,point_value,commission,slippage,pnl_gross,pnl_net,r_multiple,stop_loss,target,session,tags,open
099cd715,MGC,MGCG25,LONG,2025-01-09 04:00:00+00:00,2025-01-09 05:00:00+00:00,2662.1,2662.8,1,10.0,2.25,1.0,7.0000000000027285,0.5000000000027285,0.13,2661.7,2662.9,LONDON_OPEN,[],False
fa6779bd,MGC,MGCG25,LONG,2025-01-10 02:00:00+00:00,2025-01-10 03:00:00+00:00,2662.1,2662.8,1,10.0,2.25,1.0,7.0000000000027285,0.5000000000027285,0.13,2661.7,2662.9,LONDON_OPEN,[],False
7b3423d4,MGC,MGCG25,LONG,2025-01-10 03:00:00+00:00,2025-01-10 04:00:00+00:00,2662.1,2662.8,1,10.0,2.25,1.0,7.0000000000027285,0.5000000000027285,0.13,2661.7,2662.9,LONDON_OPEN,[],False
ea18236f,MGC,MGCG25,LONG,2025-01-10 04:00:00+00:00,2025-01-10 05:00:00+00:00,2662.1,2662.8,1,10.0,2.25,1.0,7.0000000000027285,0.5000000000027285,0.13,2661.7,2662.9,LONDON_OPEN,[],False
f1061e99,MGC,MGCG25,LONG,2025-01-16 15:00:00+00:00,2025-01-16 23:00:00+00:00,2705.4999,2745.0,1,10.0,2.25,1.0,395.001000000002,388.501000000002,1.52,2679.9,2781.8998,NY_AFTERNOON,[],False
64207c9e,MGC,MGCG25,LONG,2025-01-17 10:00:00+00:00,2025-01-17 11:00:00+00:00,2683.2001,2683.9001000000003,1,10.0,2.25,1.0,7.0000000000027285,0.5000000000027285,0.13,2682.8001,2684.0001,NY_OPEN,[],False
7871ee4c,MGC,MGCG25,LONG,2025-01-17 12:00:00+00:00,2025-01-17 13:00:00+00:00,2708.9999,2709.6999,1,10.0,2.25,1.0,7.0000000000027285,0.5000000000027285,0.13,2708.5999,2709.7999,NY_LUNCH,[],False
bce18739,MGC,MGCG25,LONG,2025-01-17 14:00:00+00:00,2025-01-17 21:00:00+00:00,2705.4999,2739.800048828125,1,10.0,2.25,1.0,343.001488281252,336.501488281252,1.31,2679.9,2781.8998,NY_AFTERNOON,[],False
3c474e01,MGC,MGCG25,LONG,2025-01-20 04:00:00+00:00,2025-01-21 05:00:00+00:00,2692.1,2692.8,1,10.0,2.25,1.0,7.0000000000027285,0.5000000000027285,0.13,2691.7,2692.9,LONDON_OPEN,[],False
18a8c77b,MGC,MGCH25,LONG,2025-01-22 14:00:00+00:00,2025-01-22 23:00:00+00:00,2705.4999,2763.39990234375,1,10.0,2.25,1.0,579.000023437502,572.500023437502,2.24,2679.9,2781.8998,NY_AFTERNOON,[],False
33e2ecb9,MGC,MGCH25,LONG,2025-01-23 02:00:00+00:00,2025-01-23 03:00:00+00:00,2692.1,2692.8,1,10.0,2.25,1.0,7.0000000000027285,0.5000000000027285,0.13,2691.7,2692.9,LONDON_OPEN,[],False
21ad09b4,MGC,MGCH25,LONG,2025-01-23 14:00:00+00:00,2025-01-23 23:00:00+00:00,2755.4,2762.199951171875,1,10.0,2.25,1.0,67.99951171874909,61.49951171874909,0.08,2679.9,2981.5003,NY_AFTERNOON,[],False
1be92252,MGC,MGCH25,LONG,2025-01-27 04:00:00+00:00,2025-01-27 08:00:00+00:00,2747.9,2764.1999,1,10.0,2.25,1.0,162.9989999999998,156.4989999999998,2.79,2742.3001,2764.2999,LONDON_OPEN,[],False
2c1d6459,MGC,MGCH25,LONG,2025-01-27 14:00:00+00:00,2025-01-27 15:00:00+00:00,2755.4,2742.4,1,10.0,2.25,1.0,-130.0,-136.5,-1.06,2742.5,2793.7,NY_AFTERNOON,[],False
6d34393f,MGC,MGCH25,LONG,2025-01-28 02:00:00+00:00,2025-01-28 03:00:00+00:00,2747.9,2742.2001,1,10.0,2.25,1.0,-56.999000000000706,-63.499000000000706,-1.13,2742.3001,2764.2999,LONDON_OPEN,[],False
27b0c8a2,MGC,MGCH25,LONG,2025-01-28 03:00:00+00:00,2025-01-28 04:00:00+00:00,2747.9,2742.2001,1,10.0,2.25,1.0,-56.999000000000706,-63.499000000000706,-1.13,2742.3001,2764.2999,LONDON_OPEN,[],False
689745bd,MGC,MGCH25,SHORT,2025-01-28 04:00:00+00:00,2025-01-28 08:00:00+00:00,2760.5001,2738.8001,1,10.0,2.25,1.0,217.00000000000273,210.50000000000273,2.84,2767.9001,2738.7001,LONDON_OPEN,[],False
104a260c,MGC,MGCH25,LONG,2025-01-28 15:00:00+00:00,2025-01-28 23:00:00+00:00,2755.4,2769.800048828125,1,10.0,2.25,1.0,144.0004882812491,137.5004882812491,1.01,2741.8001,2795.7999,NY_AFTERNOON,[],False
ef77fb86,MGC,MGCH25,SHORT,2025-01-29 04:00:00+00:00,2025-01-29 05:00:00+00:00,2760.5001,2768.0000999999997,1,10.0,2.25,1.0,-74.99999999999545,-81.49999999999545,-1.1,2767.9001,2738.7001,LONDON_OPEN,[],False
4d392d3b,MGC,MGCH25,LONG,2025-01-29 14:00:00+00:00,2025-01-29 23:00:00+00:00,2756.1,2773.60009765625,1,10.0,2.25,1.0,175.0009765625009,168.5009765625009,1.18,2741.8001,2798.5997,NY_AFTERNOON,[],False
d3185dd7,MGC,MGCH25,SHORT,2025-01-30 02:00:00+00:00,2025-01-30 03:00:00+00:00,2760.5001,2768.0000999999997,1,10.0,2.25,1.0,-74.99999999999545,-81.49999999999545,-1.1,2767.9001,2738.7001,LONDON_OPEN,[],False
df44f18d,MGC,MGCH25,LONG,2025-01-30 03:00:00+00:00,2025-01-30 13:00:00+00:00,2762.4999,2822.5993000000003,1,10.0,2.25,1.0,600.9940000000051,594.4940000000051,2.94,2742.3001,2822.6993,LONDON_OPEN,[],False
cdf187ea,MGC,MGCH25,LONG,2025-02-03 02:00:00+00:00,2025-02-03 08:00:00+00:00,2775.7999999999997,2827.5,1,10.0,2.25,1.0,517.0000000000027,510.50000000000273,2.93,2758.4,2827.6,LONDON_OPEN,[],False
45b58f70,MGC,MGCH25,LONG,2025-02-03 10:00:00+00:00,2025-02-03 11:00:00+00:00,2771.2999999999997,2772.0,1,10.0,2.25,1.0,7.0000000000027285,0.5000000000027285,0.13,2770.9,2772.1,NY_OPEN,[],False
051bf64c,MGC,MGCH25,LONG,2025-02-04 02:00:00+00:00,2025-02-04 03:00:00+00:00,2775.7999999999997,2827.5,1,10.0,2.25,1.0,517.0000000000027,510.50000000000273,2.93,2758.4,2827.6,LONDON_OPEN,[],False
cfb84ca3,MGC,MGCH25,LONG,2025-02-04 03:00:00+00:00,2025-02-04 04:00:00+00:00,2775.7999999999997,2827.5,1,10.0,2.25,1.0,517.0000000000027,510.50000000000273,2.93,2758.4,2827.6,LONDON_OPEN,[],False
dc0925a5,MGC,MGCH25,LONG,2025-02-04 04:00:00+00:00,2025-02-04 05:00:00+00:00,2775.7999999999997,2827.5,1,10.0,2.25,1.0,517.0000000000027,510.50000000000273,2.93,2758.4,2827.6,LONDON_OPEN,[],False
86a1553d,MGC,MGCH25,LONG,2025-02-04 14:00:00+00:00,2025-02-04 15:00:00+00:00,2777.2999999999997,2778.0,1,10.0,2.25,1.0,7.0000000000027285,0.5000000000027285,0.13,2776.9,2778.1,NY_AFTERNOON,[],False
80495321,MGC,MGCH25,LONG,2025-02-04 15:00:00+00:00,2025-02-04 16:00:00+00:00,2777.2999999999997,2778.0,1,10.0,2.25,1.0,7.0000000000027285,0.5000000000027285,0.13,2776.9,2778.1,NY_AFTERNOON,[],False
e9c98f2c,MGC,MGCH25,LONG,2025-02-06 02:00:00+00:00,2025-02-06 03:00:00+00:00,2775.7999999999997,2776.5,1,10.0,2.25,1.0,7.0000000000027285,0.5000000000027285,0.13,2775.4,2776.6,LONDON_OPEN,[],False
d495af57,MGC,MGCH25,LONG,2025-02-06 03:00:00+00:00,2025-02-06 04:00:00+00:00,2775.7999999999997,2776.5,1,10.0,2.25,1.0,7.0000000000027285,0.5000000000027285,0.13,2775.4,2776.6,LONDON_OPEN,[],False
691357a8,MGC,MGCH25,LONG,2025-02-11 12:00:00+00:00,2025-02-11 23:00:00+00:00,2892.7999999999997,2926.800048828125,1,10.0,2.25,1.0,340.00048828125273,333.50048828125273,0.46,2820.2,3110.1998,NY_LUNCH,[],False
72fbcba1,MGC,MGCH25,LONG,2025-02-13 14:00:00+00:00,2025-02-13 20:00:00+00:00,2910.7001,2957.6005,1,10.0,2.25,1.0,469.0039999999999,462.5039999999999,2.93,2894.9,2957.7005,NY_AFTERNOON,[],False
ae0174ca,MGC,MGCH25,LONG,2025-02-14 02:00:00+00:00,2025-02-14 03:00:00+00:00,2890.6,2902.9997000000003,1,10.0,2.25,1.0,123.99700000000394,117.49700000000394,2.73,2886.3001,2903.0997,LONDON_OPEN,[],False
3333c372,MGC,MGCH25,LONG,2025-02-14 03:00:00+00:00,2025-02-14 04:00:00+00:00,2890.6,2902.9997000000003,1,10.0,2.25,1.0,123.99700000000394,117.49700000000394,2.73,2886.3001,2903.0997,LONDON_OPEN,[],False
21dfeec8,MGC,MGCH25,LONG,2025-02-14 14:00:00+00:00,2025-02-14 19:00:00+00:00,2910.7001,2894.8,1,10.0,2.25,1.0,-159.00099999999838,-165.50099999999838,-1.05,2894.9,2957.7005,NY_AFTERNOON,[],False
391c4c08,MGC,MGCH25,LONG,2025-02-18 15:00:00+00:00,2025-02-18 23:00:00+00:00,2923.9999,2953.300048828125,1,10.0,2.25,1.0,293.001488281252,286.501488281252,0.98,2894.9,3010.8998,NY_AFTERNOON,[],False
176f4506,MGC,MGCJ25,LONG,2025-02-19 14:00:00+00:00,2025-02-19 15:00:00+00:00,2923.9999,2932.7998000000002,1,10.0,2.25,1.0,87.99900000000434,81.49900000000434,2.63,2920.9,2932.8998,NY_AFTERNOON,[],False
3ba512d4,MGC,MGCJ25,LONG,2025-02-19 15:00:00+00:00,2025-02-19 16:00:00+00:00,2923.9999,2932.7998000000002,1,10.0,2.25,1.0,87.99900000000434,81.49900000000434,2.63,2920.9,2932.8998,NY_AFTERNOON,[],False
4b8f7039,MGC,MGCJ25,LONG,2025-02-25 02:00:00+00:00,2025-02-25 03:00:00+00:00,2947.2001,2947.9001000000003,1,10.0,2.25,1.0,7.0000000000027285,0.5000000000027285,0.13,2946.8001,2948.0001,LONDON_OPEN,[],False
74a01a49,MGC,MGCJ25,LONG,2025-02-25 03:00:00+00:00,2025-02-25 04:00:00+00:00,2947.2001,2947.9001000000003,1,10.0,2.25,1.0,7.0000000000027285,0.5000000000027285,0.13,2946.8001,2948.0001,LONDON_OPEN,[],False
9c252523,MGC,MGCJ25,SHORT,2025-02-26 03:00:00+00:00,2025-02-26 06:00:00+00:00,2951.5001,2919.9006999999997,1,10.0,2.25,1.0,315.99400000000514,309.49400000000514,2.89,2962.1999,2919.8007,LONDON_OPEN,[],False
7d8df7e8,MGC,MGCJ25,SHORT,2025-02-26 14:00:00+00:00,2025-02-26 23:00:00+00:00,2945.5001,2933.89990234375,1,10.0,2.25,1.0,116.00197656250202,109.50197656250202,0.76,2960.0,2902.4005,NY_AFTERNOON,[],False
1e54a883,MGC,MGCJ25,SHORT,2025-02-27 14:00:00+00:00,2025-02-27 15:00:00+00:00,2945.5001,2902.5005,1,10.0,2.25,1.0,429.996000000001,423.496000000001,2.92,2960.0,2902.4005,NY_AFTERNOON,[],False
dfc9df66,MGC,MGCJ25,SHORT,2025-02-27 15:00:00+00:00,2025-02-27 16:00:00+00:00,2945.5001,2902.5005,1,10.0,2.25,1.0,429.996000000001,423.496000000001,2.92,2960.0,2902.4005,NY_AFTERNOON,[],False
0a3b4f69,MGC,MGCJ25,SHORT,2025-02-28 02:00:00+00:00,2025-02-28 03:00:00+00:00,2951.5001,2919.9006999999997,1,10.0,2.25,1.0,315.99400000000514,309.49400000000514,2.89,2962.1999,2919.8007,LONDON_OPEN,[],False
c4b62537,MGC,MGCJ25,SHORT,2025-02-28 03:00:00+00:00,2025-02-28 04:00:00+00:00,2951.5001,2919.9006999999997,1,10.0,2.25,1.0,315.99400000000514,309.49400000000514,2.89,2962.1999,2919.8007,LONDON_OPEN,[],False
25b2a67f,MGC,MGCJ25,SHORT,2025-02-28 04:00:00+00:00,2025-02-28 05:00:00+00:00,2951.5001,2919.9006999999997,1,10.0,2.25,1.0,315.99400000000514,309.49400000000514,2.89,2962.1999,2919.8007,LONDON_OPEN,[],False
7e15842f,MGC,MGCJ25,SHORT,2025-02-28 14:00:00+00:00,2025-02-28 15:00:00+00:00,2945.5001,2902.5005,1,10.0,2.25,1.0,429.996000000001,423.496000000001,2.92,2960.0,2902.4005,NY_AFTERNOON,[],False
cfaac4f4,MGC,MGCJ25,SHORT,2025-02-28 15:00:00+00:00,2025-02-28 16:00:00+00:00,2945.5001,2902.5005,1,10.0,2.25,1.0,429.996000000001,423.496000000001,2.92,2960.0,2902.4005,NY_AFTERNOON,[],False
7b67c7bd,MGC,MGCJ25,SHORT,2025-03-03 02:00:00+00:00,2025-03-03 03:00:00+00:00,2951.5001,2919.9006999999997,1,10.0,2.25,1.0,315.99400000000514,309.49400000000514,2.89,2962.1999,2919.8007,LONDON_OPEN,[],False
059c347b,MGC,MGCJ25,SHORT,2025-03-03 03:00:00+00:00,2025-03-03 04:00:00+00:00,2951.5001,2919.9006999999997,1,10.0,2.25,1.0,315.99400000000514,309.49400000000514,2.89,2962.1999,2919.8007,LONDON_OPEN,[],False
11d5da3f,MGC,MGCJ25,SHORT,2025-03-03 04:00:00+00:00,2025-03-03 05:00:00+00:00,2951.5001,2919.9006999999997,1,10.0,2.25,1.0,315.99400000000514,309.49400000000514,2.89,2962.1999,2919.8007,LONDON_OPEN,[],False
12266a1a,MGC,MGCJ25,SHORT,2025-03-05 04:00:00+00:00,2025-03-05 05:00:00+00:00,2951.5001,2933.1004,1,10.0,2.25,1.0,183.99700000000394,177.49700000000394,2.82,2957.8,2933.0004,LONDON_OPEN,[],False
aa35d10e,MGC,MGCJ25,LONG,2025-03-07 04:00:00+00:00,2025-03-07 21:00:00+00:00,2923.4,2917.699951171875,1,10.0,2.25,1.0,-57.00048828125091,-63.50048828125091,-0.13,2875.4,3067.0003,LONDON_OPEN,[],False
7e0fd282,MGC,MGCJ25,LONG,2025-03-10 02:00:00+00:00,2025-03-10 23:00:00+00:00,2923.4,2889.10009765625,1,10.0,2.25,1.0,-342.9990234375009,-349.4990234375009,-0.73,2875.4,3067.0003,LONDON_OPEN,[],False
43fae29a,MGC,MGCJ25,SHORT,2025-03-11 03:00:00+00:00,2025-03-11 23:00:00+00:00,2916.1,2922.300048828125,1,10.0,2.25,1.0,-62.00048828125091,-68.50048828125091,-0.47,2930.6,2872.9997,LONDON_OPEN,[],False
7487c1d7,MGC,MGCJ25,LONG,2025-03-13 14:00:00+00:00,2025-03-13 15:00:00+00:00,2915.9999,2936.7998000000002,1,10.0,2.25,1.0,207.99900000000434,201.49900000000434,2.84,2908.9,2936.8998,NY_AFTERNOON,[],False
0c4cd0ef,MGC,MGCJ25,LONG,2025-03-13 15:00:00+00:00,2025-03-13 16:00:00+00:00,2915.9999,2936.7998000000002,1,10.0,2.25,1.0,207.99900000000434,201.49900000000434,2.84,2908.9,2936.8998,NY_AFTERNOON,[],False
64f70806,MGC,MGCJ25,LONG,2025-03-14 12:00:00+00:00,2025-03-14 13:00:00+00:00,2929.6,2949.2001,1,10.0,2.25,1.0,196.0010000000011,189.5010000000011,2.83,2922.9,2949.3001,NY_LUNCH,[],False
ba838700,MGC,MGCJ25,LONG,2025-03-14 14:00:00+00:00,2025-03-14 15:00:00+00:00,2915.9999,2936.7998000000002,1,10.0,2.25,1.0,207.99900000000434,201.49900000000434,2.84,2908.9,2936.8998,NY_AFTERNOON,[],False
087364f4,MGC,MGCJ25,LONG,2025-03-14 15:00:00+00:00,2025-03-14 16:00:00+00:00,2915.9999,2936.7998000000002,1,10.0,2.25,1.0,207.99900000000434,201.49900000000434,2.84,2908.9,2936.8998,NY_AFTERNOON,[],False
4a5f673c,MGC,MGCJ25,LONG,2025-03-19 02:00:00+00:00,2025-03-19 03:00:00+00:00,2902.9999,2903.6999,1,10.0,2.25,1.0,7.0000000000027285,0.5000000000027285,0.13,2902.5999,2903.7999,LONDON_OPEN,[],False
8ad7f6f5,MGC,MGCJ25,LONG,2025-03-19 03:00:00+00:00,2025-03-19 04:00:00+00:00,2902.9999,2903.6999,1,10.0,2.25,1.0,7.0000000000027285,0.5000000000027285,0.13,2902.5999,2903.7999,LONDON_OPEN,[],False
08ff023f,MGC,MGCJ25,LONG,2025-03-19 04:00:00+00:00,2025-03-19 05:00:00+00:00,2902.9999,2903.6999,1,10.0,2.25,1.0,7.0000000000027285,0.5000000000027285,0.13,2902.5999,2903.7999,LONDON_OPEN,[],False
a85b3636,MGC,MGCK25,SHORT,2025-03-25 04:00:00+00:00,2025-03-25 23:00:00+00:00,3020.6,3025.300048828125,1,10.0,2.25,1.0,-47.00048828125091,-53.50048828125091,-0.13,3061.0,2899.8,LONDON_OPEN,[],False
afca44c2,MGC,MGCK25,SHORT,2025-03-26 02:00:00+00:00,2025-03-26 23:00:00+00:00,3020.6,3025.0,1,10.0,2.25,1.0,-44.00000000000091,-50.50000000000091,-0.13,3061.0,2899.8,LONDON_OPEN,[],False
1e163d1d,MGC,MGCK25,SHORT,2025-03-27 02:00:00+00:00,2025-03-27 10:00:00+00:00,3020.6,3061.1,1,10.0,2.25,1.0,-405.0,-411.5,-1.02,3061.0,2899.8,LONDON_OPEN,[],False
fa8ffe49,MGC,MGCK25,LONG,2025-03-27 15:00:00+00:00,2025-03-27 16:00:00+00:00,3025.2001,3063.1005,1,10.0,2.25,1.0,379.0039999999999,372.5039999999999,2.91,3012.4,3063.2005,NY_AFTERNOON,[],False
6966911f,MGC,MGCK25,LONG,2025-03-28 02:00:00+00:00,2025-03-28 03:00:00+00:00,3021.4999,3031.7998000000002,1,10.0,2.25,1.0,102.99900000000434,96.49900000000434,2.68,3017.9,3031.8998,LONDON_OPEN,[],False
3ac23fd3,MGC,MGCK25,LONG,2025-03-28 03:00:00+00:00,2025-03-28 04:00:00+00:00,3021.4999,3031.7998000000002,1,10.0,2.25,1.0,102.99900000000434,96.49900000000434,2.68,3017.9,3031.8998,LONDON_OPEN,[],False
3c1f99f1,MGC,MGCK25,LONG,2025-03-28 04:00:00+00:00,2025-03-28 05:00:00+00:00,3021.4999,3031.7998000000002,1,10.0,2.25,1.0,102.99900000000434,96.49900000000434,2.68,3017.9,3031.8998,LONDON_OPEN,[],False
a747b262,MGC,MGCK25,LONG,2025-03-28 10:00:00+00:00,2025-03-28 11:00:00+00:00,3030.7999999999997,3038.4001000000003,1,10.0,2.25,1.0,76.00100000000566,69.50100000000566,2.57,3028.0999,3038.5001,NY_OPEN,[],False
3c9069be,MGC,MGCK25,LONG,2025-03-28 12:00:00+00:00,2025-03-28 13:00:00+00:00,3036.1,3036.8,1,10.0,2.25,1.0,7.0000000000027285,0.5000000000027285,0.13,3035.7,3036.9,NY_LUNCH,[],False
8b33c1b6,MGC,MGCK25,LONG,2025-03-28 14:00:00+00:00,2025-03-28 15:00:00+00:00,3025.2001,3063.1005,1,10.0,2.25,1.0,379.0039999999999,372.5039999999999,2.91,3012.4,3063.2005,NY_AFTERNOON,[],False
ceaf4061,MGC,MGCK25,LONG,2025-03-28 15:00:00+00:00,2025-03-28 16:00:00+00:00,3025.2001,3063.1005,1,10.0,2.25,1.0,379.0039999999999,372.5039999999999,2.91,3012.4,3063.2005,NY_AFTERNOON,[],False
af86548e,MGC,MGCK25,LONG,2025-03-31 02:00:00+00:00,2025-03-31 03:00:00+00:00,3021.4999,3031.7998000000002,1,10.0,2.25,1.0,102.99900000000434,96.49900000000434,2.68,3017.9,3031.8998,LONDON_OPEN,[],False
97b7785b,MGC,MGCK25,LONG,2025-03-31 03:00:00+00:00,2025-03-31 04:00:00+00:00,3021.4999,3031.7998000000002,1,10.0,2.25,1.0,102.99900000000434,96.49900000000434,2.68,3017.9,3031.8998,LONDON_OPEN,[],False
464e4e96,MGC,MGCK25,LONG,2025-03-31 04:00:00+00:00,2025-03-31 05:00:00+00:00,3021.4999,3031.7998000000002,1,10.0,2.25,1.0,102.99900000000434,96.49900000000434,2.68,3017.9,3031.8998,LONDON_OPEN,[],False
a67d61e0,MGC,MGCK25,LONG,2025-03-31 14:00:00+00:00,2025-03-31 15:00:00+00:00,3025.2001,3063.1005,1,10.0,2.25,1.0,379.0039999999999,372.5039999999999,2.91,3012.4,3063.2005,NY_AFTERNOON,[],False
485c2a8d,MGC,MGCK25,LONG,2025-03-31 15:00:00+00:00,2025-03-31 16:00:00+00:00,3025.2001,3063.1005,1,10.0,2.25,1.0,379.0039999999999,372.5039999999999,2.91,3012.4,3063.2005,NY_AFTERNOON,[],False
014d6af9,MGC,MGCK25,LONG,2025-04-01 02:00:00+00:00,2025-04-01 03:00:00+00:00,3021.4999,3031.7998000000002,1,10.0,2.25,1.0,102.99900000000434,96.49900000000434,2.68,3017.9,3031.8998,LONDON_OPEN,[],False
08159afa,MGC,MGCK25,LONG,2025-04-01 03:00:00+00:00,2025-04-01 04:00:00+00:00,3021.4999,3031.7998000000002,1,10.0,2.25,1.0,102.99900000000434,96.49900000000434,2.68,3017.9,3031.8998,LONDON_OPEN,[],False
c492bb82,MGC,MGCK25,LONG,2025-04-01 04:00:00+00:00,2025-04-01 05:00:00+00:00,3021.4999,3031.7998000000002,1,10.0,2.25,1.0,102.99900000000434,96.49900000000434,2.68,3017.9,3031.8998,LONDON_OPEN,[],False
ebf930c4,MGC,MGCK25,LONG,2025-04-01 14:00:00+00:00,2025-04-01 15:00:00+00:00,3025.2001,3063.1005,1,10.0,2.25,1.0,379.0039999999999,372.5039999999999,2.91,3012.4,3063.2005,NY_AFTERNOON,[],False
7a7b1e3c,MGC,MGCK25,LONG,2025-04-01 15:00:00+00:00,2025-04-01 16:00:00+00:00,3025.2001,3063.1005,1,10.0,2.25,1.0,379.0039999999999,372.5039999999999,2.91,3012.4,3063.2005,NY_AFTERNOON,[],False
635eeed7,MGC,MGCK25,LONG,2025-04-03 02:00:00+00:00,2025-04-03 03:00:00+00:00,3021.4999,3031.7998000000002,1,10.0,2.25,1.0,102.99900000000434,96.49900000000434,2.68,3017.9,3031.8998,LONDON_OPEN,[],False
fb253b73,MGC,MGCK25,LONG,2025-04-03 03:00:00+00:00,2025-04-03 04:00:00+00:00,3021.4999,3031.7998000000002,1,10.0,2.25,1.0,102.99900000000434,96.49900000000434,2.68,3017.9,3031.8998,LONDON_OPEN,[],False
9b22c704,MGC,MGCK25,SHORT,2025-04-04 03:00:00+00:00,2025-04-04 04:00:00+00:00,3161.2999,3113.7996,1,10.0,2.25,1.0,475.0030000000015,468.5030000000015,2.93,3177.3,3113.6996,LONDON_OPEN,[],False
c71901c1,MGC,MGCK25,SHORT,2025-04-04 04:00:00+00:00,2025-04-04 05:00:00+00:00,3161.2999,3113.7996,1,10.0,2.25,1.0,475.0030000000015,468.5030000000015,2.93,3177.3,3113.6996,LONDON_OPEN,[],False
60daa97c,MGC,MGCK25,SHORT,2025-04-08 02:00:00+00:00,2025-04-08 03:00:00+00:00,3161.2999,3113.7996,1,10.0,2.25,1.0,475.0030000000015,468.5030000000015,2.93,3177.3,3113.6996,LONDON_OPEN,[],False
8f4c1b22,MGC,MGCK25,SHORT,2025-04-08 03:00:00+00:00,2025-04-08 04:00:00+00:00,3161.2999,3113.7996,1,10.0,2.25,1.0,475.0030000000015,468.5030000000015,2.93,3177.3,3113.6996,LONDON_OPEN,[],False
0e09dc62,MGC,MGCK25,SHORT,2025-04-08 04:00:00+00:00,2025-04-08 05:00:00+00:00,3161.2999,3113.7996,1,10.0,2.25,1.0,475.0030000000015,468.5030000000015,2.93,3177.3,3113.6996,LONDON_OPEN,[],False
c54aec76,MGC,MGCK25,LONG,2025-04-11 03:00:00+00:00,2025-04-11 20:00:00+00:00,3144.9999,3254.89990234375,1,10.0,2.25,1.0,1099.000023437502,1092.500023437502,0.82,3011.5,3545.0995,LONDON_OPEN,[],False
117a4c9d,MGC,MGCK25,LONG,2025-04-14 02:00:00+00:00,2025-04-14 23:00:00+00:00,3144.9999,3228.800048828125,1,10.0,2.25,1.0,838.001488281252,831.501488281252,0.62,3011.5,3545.0995,LONDON_OPEN,[],False
4024233a,MGC,MGCK25,LONG,2025-04-16 02:00:00+00:00,2025-04-16 23:00:00+00:00,3237.2001,3363.89990234375,1,10.0,2.25,1.0,1266.9980234374998,1260.4980234374998,0.56,3011.5,3913.9002,LONDON_OPEN,[],False
460ff6bb,MGC,MGCK25,LONG,2025-04-17 02:00:00+00:00,2025-04-17 20:00:00+00:00,3237.2001,3341.300048828125,1,10.0,2.25,1.0,1040.9994882812498,1034.4994882812498,0.46,3011.5,3913.9002,LONDON_OPEN,[],False
00adb6e4,MGC,MGCM25,LONG,2025-04-24 02:00:00+00:00,2025-04-24 03:00:00+00:00,3249.1,3279.2001,1,10.0,2.25,1.0,301.0010000000011,294.5010000000011,2.89,3238.9,3279.3001,LONDON_OPEN,[],False
5b2fca2d,MGC,MGCM25,LONG,2025-04-24 03:00:00+00:00,2025-04-24 04:00:00+00:00,3249.1,3279.2001,1,10.0,2.25,1.0,301.0010000000011,294.5010000000011,2.89,3238.9,3279.3001,LONDON_OPEN,[],False
59a8d9a6,MGC,MGCM25,SHORT,2025-04-24 04:00:00+00:00,2025-04-24 05:00:00+00:00,3488.6,3487.9,1,10.0,2.25,1.0,6.999999999998181,0.499999999998181,0.12,3489.0,3487.8,LONDON_OPEN,[],False
9870ee80,MGC,MGCM25,LONG,2025-04-25 02:00:00+00:00,2025-04-25 20:00:00+00:00,3393.9999,3330.199951171875,1,10.0,2.25,1.0,-637.999488281248,-644.499488281248,-0.42,3238.9,3858.8998,LONDON_OPEN,[],False
2b80bc9d,MGC,MGCM25,SHORT,2025-04-28 02:00:00+00:00,2025-04-28 03:00:00+00:00,3488.6,3487.9,1,10.0,2.25,1.0,6.999999999998181,0.499999999998181,0.12,3489.0,3487.8,LONDON_OPEN,[],False
bbe0aba1,MGC,MGCM25,SHORT,2025-04-28 03:00:00+00:00,2025-04-28 04:00:00+00:00,3488.6,3487.9,1,10.0,2.25,1.0,6.999999999998181,0.499999999998181,0.12,3489.0,3487.8,LONDON_OPEN,[],False
dd4471ed,MGC,MGCM25,LONG,2025-04-28 04:00:00+00:00,2025-04-28 05:00:00+00:00,3393.9999,3386.4,1,10.0,2.25,1.0,-75.99899999999707,-82.49899999999707,-1.1,3386.5,3416.0995,LONDON_OPEN,[],False
094e9c1f,MGC,MGCM25,LONG,2025-04-29 02:00:00+00:00,2025-04-29 03:00:00+00:00,3393.9999,3386.4,1,10.0,2.25,1.0,-75.99899999999707,-82.49899999999707,-1.1,3386.5,3416.0995,LONDON_OPEN,[],False
7d348d04,MGC,MGCM25,LONG,2025-04-29 03:00:00+00:00,2025-04-29 04:00:00+00:00,3393.9999,3386.4,1,10.0,2.25,1.0,-75.99899999999707,-82.49899999999707,-1.1,3386.5,3416.0995,LONDON_OPEN,[],False
423b5821,MGC,MGCM25,SHORT,2025-05-01 15:00:00+00:00,2025-05-01 23:00:00+00:00,3308.9,3246.199951171875,1,10.0,2.25,1.0,627.0004882812509,620.5004882812509,1.71,3345.1999,3200.4003,NY_AFTERNOON,[],False
f2b0f0c7,MGC,MGCM25,SHORT,2025-05-02 02:00:00+00:00,2025-05-02 03:00:00+00:00,3345.4,3284.7,1,10.0,2.25,1.0,607.0000000000027,600.5000000000027,2.94,3365.8,3284.6,LONDON_OPEN,[],False
80ddde60,MGC,MGCM25,SHORT,2025-05-02 12:00:00+00:00,2025-05-02 13:00:00+00:00,3275.5001,3274.8001,1,10.0,2.25,1.0,7.0000000000027285,0.5000000000027285,0.13,3275.9001,3274.7001,NY_LUNCH,[],False
9d9345e7,MGC,MGCM25,SHORT,2025-05-02 14:00:00+00:00,2025-05-02 20:00:00+00:00,3308.9,3247.39990234375,1,10.0,2.25,1.0,615.0009765625009,608.5009765625009,1.68,3345.1999,3200.4003,NY_AFTERNOON,[],False
61ba0d62,MGC,MGCM25,SHORT,2025-05-05 04:00:00+00:00,2025-05-05 23:00:00+00:00,3326.7999,3342.800048828125,1,10.0,2.25,1.0,-160.0014882812502,-166.5014882812502,-0.43,3365.8,3210.1996,LONDON_OPEN,[],False
b4a19ad2,MGC,MGCM25,SHORT,2025-05-06 02:00:00+00:00,2025-05-06 03:00:00+00:00,3310.6,3345.2999,1,10.0,2.25,1.0,-346.9990000000007,-353.4990000000007,-1.02,3345.1999,3207.2001,LONDON_OPEN,[],False
279dd4e9,MGC,MGCM25,SHORT,2025-05-06 03:00:00+00:00,2025-05-06 04:00:00+00:00,3310.6,3345.2999,1,10.0,2.25,1.0,-346.9990000000007,-353.4990000000007,-1.02,3345.1999,3207.2001,LONDON_OPEN,[],False
66e4311c,MGC,MGCM25,SHORT,2025-05-06 04:00:00+00:00,2025-05-06 05:00:00+00:00,3310.6,3345.2999,1,10.0,2.25,1.0,-346.9990000000007,-353.4990000000007,-1.02,3345.1999,3207.2001,LONDON_OPEN,[],False
a63beaad,MGC,MGCM25,LONG,2025-05-06 15:00:00+00:00,2025-05-06 16:00:00+00:00,3326.9999,3381.3996,1,10.0,2.25,1.0,543.9970000000039,537.4970000000039,2.94,3308.7,3381.4996,NY_AFTERNOON,[],False
e31cdbda,MGC,MGCM25,SHORT,2025-05-07 02:00:00+00:00,2025-05-07 03:00:00+00:00,3310.6,3311.1,1,10.0,2.25,1.0,-5.0,-11.5,-2.87,3311.0,3309.8,LONDON_OPEN,[],False
30f03331,MGC,MGCM25,SHORT,2025-05-07 03:00:00+00:00,2025-05-07 04:00:00+00:00,3310.6,3311.1,1,10.0,2.25,1.0,-5.0,-11.5,-2.87,3311.0,3309.8,LONDON_OPEN,[],False
60bbd7a9,MGC,MGCM25,SHORT,2025-05-07 04:00:00+00:00,2025-05-07 05:00:00+00:00,3310.6,3311.1,1,10.0,2.25,1.0,-5.0,-11.5,-2.87,3311.0,3309.8,LONDON_OPEN,[],False
88090375,MGC,MGCM25,LONG,2025-05-07 10:00:00+00:00,2025-05-07 11:00:00+00:00,3326.9999,3327.6999,1,10.0,2.25,1.0,7.0000000000027285,0.5000000000027285,0.13,3326.5999,3327.7999,NY_OPEN,[],False
fbaac2a4,MGC,MGCM25,SHORT,2025-05-13 02:00:00+00:00,2025-05-13 23:00:00+00:00,3313.2000000000003,3258.300048828125,1,10.0,2.25,1.0,548.9995117187527,542.4995117187527,0.61,3402.1999,3046.6005,LONDON_OPEN,[],False
7469095a,MGC,MGCM25,SHORT,2025-05-14 03:00:00+00:00,2025-05-14 23:00:00+00:00,3313.2000000000003,3188.89990234375,1,10.0,2.25,1.0,1243.0009765625027,1236.5009765625027,1.39,3402.1999,3046.6005,LONDON_OPEN,[],False
e8f18b17,MGC,MGCM25,SHORT,2025-05-15 02:00:00+00:00,2025-05-15 23:00:00+00:00,3313.2000000000003,3241.199951171875,1,10.0,2.25,1.0,720.0004882812527,713.5004882812527,0.8,3402.1999,3046.6005,LONDON_OPEN,[],False
fee1a083,MGC,MGCM25,SHORT,2025-05-16 02:00:00+00:00,2025-05-16 20:00:00+00:00,3313.2000000000003,3205.300048828125,1,10.0,2.25,1.0,1078.9995117187527,1072.4995117187527,1.21,3402.1999,3046.6005,LONDON_OPEN,[],False
abfaf0de,MGC,MGCM25,SHORT,2025-05-19 02:00:00+00:00,2025-05-19 23:00:00+00:00,3313.2000000000003,3224.800048828125,1,10.0,2.25,1.0,883.9995117187527,877.4995117187527,0.99,3402.1999,3046.6005,LONDON_OPEN,[],False
ff8339f5,MGC,MGCM25,LONG,2025-05-20 14:00:00+00:00,2025-05-20 15:00:00+00:00,3188.4999,3206.2998000000002,1,10.0,2.25,1.0,177.99900000000434,171.49900000000434,2.81,3182.4,3206.3998,NY_AFTERNOON,[],False
45db1904,MGC,MGCM25,LONG,2025-05-20 15:00:00+00:00,2025-05-20 16:00:00+00:00,3188.4999,3206.2998000000002,1,10.0,2.25,1.0,177.99900000000434,171.49900000000434,2.81,3182.4,3206.3998,NY_AFTERNOON,[],False
44239f1a,MGC,MGCN25,LONG,2025-05-21 03:00:00+00:00,2025-05-21 04:00:00+00:00,3220.4999,3242.7998000000002,1,10.0,2.25,1.0,222.99900000000434,216.49900000000434,2.85,3212.9,3242.8998,LONDON_OPEN,[],False
0a9d28ff,MGC,MGCN25,LONG,2025-05-21 04:00:00+00:00,2025-05-21 05:00:00+00:00,3220.4999,3242.7998000000002,1,10.0,2.25,1.0,222.99900000000434,216.49900000000434,2.85,3212.9,3242.8998,LONDON_OPEN,[],False
60c0b384,MGC,MGCN25,LONG,2025-05-21 14:00:00+00:00,2025-05-21 15:00:00+00:00,3188.4999,3206.2998000000002,1,10.0,2.25,1.0,177.99900000000434,171.49900000000434,2.81,3182.4,3206.3998,NY_AFTERNOON,[],False
37a140f3,MGC,MGCN25,LONG,2025-05-21 15:00:00+00:00,2025-05-21 16:00:00+00:00,3188.4999,3206.2998000000002,1,10.0,2.25,1.0,177.99900000000434,171.49900000000434,2.81,3182.4,3206.3998,NY_AFTERNOON,[],False
37091bc5,MGC,MGCN25,LONG,2025-05-22 02:00:00+00:00,2025-05-22 03:00:00+00:00,3220.4999,3242.7998000000002,1,10.0,2.25,1.0,222.99900000000434,216.49900000000434,2.85,3212.9,3242.8998,LONDON_OPEN,[],False
0c2619c5,MGC,MGCN25,LONG,2025-05-22 03:00:00+00:00,2025-05-22 04:00:00+00:00,3220.4999,3242.7998000000002,1,10.0,2.25,1.0,222.99900000000434,216.49900000000434,2.85,3212.9,3242.8998,LONDON_OPEN,[],False
1cf0e497,MGC,MGCN25,LONG,2025-05-22 04:00:00+00:00,2025-05-22 05:00:00+00:00,3220.4999,3242.7998000000002,1,10.0,2.25,1.0,222.99900000000434,216.49900000000434,2.85,3212.9,3242.8998,LONDON_OPEN,[],False
5514d8ff,MGC,MGCN25,LONG,2025-05-22 14:00:00+00:00,2025-05-22 15:00:00+00:00,3188.4999,3206.2998000000002,1,10.0,2.25,1.0,177.99900000000434,171.49900000000434,2.81,3182.4,3206.3998,NY_AFTERNOON,[],False
534bc18b,MGC,MGCN25,LONG,2025-05-22 15:00:00+00:00,2025-05-22 16:00:00+00:00,3188.4999,3206.2998000000002,1,10.0,2.25,1.0,177.99900000000434,171.49900000000434,2.81,3182.4,3206.3998,NY_AFTERNOON,[],False
09a2092f,MGC,MGCN25,LONG,2025-05-26 02:00:00+00:00,2025-05-26 03:00:00+00:00,3220.4999,3242.7998000000002,1,10.0,2.25,1.0,222.99900000000434,216.49900000000434,2.85,3212.9,3242.8998,LONDON_OPEN,[],False
c0f4667d,MGC,MGCN25,LONG,2025-05-26 03:00:00+00:00,2025-05-26 04:00:00+00:00,3220.4999,3242.7998000000002,1,10.0,2.25,1.0,222.99900000000434,216.49900000000434,2.85,3212.9,3242.8998,LONDON_OPEN,[],False
d9d895e7,MGC,MGCN25,LONG,2025-05-26 14:00:00+00:00,2025-05-26 15:00:00+00:00,3188.4999,3206.2998000000002,1,10.0,2.25,1.0,177.99900000000434,171.49900000000434,2.81,3182.4,3206.3998,NY_AFTERNOON,[],False
f3368e8e,MGC,MGCN25,SHORT,2025-05-30 02:00:00+00:00,2025-05-30 20:00:00+00:00,3293.0001,3313.10009765625,1,10.0,2.25,1.0,-200.99997656249798,-207.49997656249798,-0.36,3350.0,3122.4005,LONDON_OPEN,[],False
d740d964,MGC,MGCN25,LONG,2025-06-03 10:00:00+00:00,2025-06-03 23:00:00+00:00,3324.9,3384.5,1,10.0,2.25,1.0,595.9999999999991,589.4999999999991,1.58,3287.7,3436.1002,NY_OPEN,[],False
13d79697,MGC,MGCN25,LONG,2025-06-05 03:00:00+00:00,2025-06-05 04:00:00+00:00,3332.4999,3340.3996,1,10.0,2.25,1.0,78.99700000000394,72.49700000000394,2.59,3329.7,3340.4996,LONDON_OPEN,[],False
85bf17b5,MGC,MGCN25,LONG,2025-06-05 04:00:00+00:00,2025-06-05 05:00:00+00:00,3332.4999,3340.3996,1,10.0,2.25,1.0,78.99700000000394,72.49700000000394,2.59,3329.7,3340.4996,LONDON_OPEN,[],False
f0f71195,MGC,MGCN25,SHORT,2025-06-06 15:00:00+00:00,2025-06-06 20:00:00+00:00,3362.2000000000003,3331.0,1,10.0,2.25,1.0,312.00000000000273,305.50000000000273,0.67,3407.6,3226.4,NY_AFTERNOON,[],False
42dc5d06,MGC,MGCN25,SHORT,2025-06-09 14:00:00+00:00,2025-06-09 23:00:00+00:00,3362.2000000000003,3346.60009765625,1,10.0,2.25,1.0,155.99902343750273,149.49902343750273,0.33,3407.6,3226.4,NY_AFTERNOON,[],False
1bd39e7d,MGC,MGCN25,SHORT,2025-06-10 02:00:00+00:00,2025-06-10 03:00:00+00:00,3391.5001,3373.7001999999998,1,10.0,2.25,1.0,177.99900000000434,171.49900000000434,2.81,3397.6,3373.6002,LONDON_OPEN,[],False
e5b0e4b7,MGC,MGCN25,SHORT,2025-06-10 03:00:00+00:00,2025-06-10 04:00:00+00:00,3391.5001,3373.7001999999998,1,10.0,2.25,1.0,177.99900000000434,171.49900000000434,2.81,3397.6,3373.6002,LONDON_OPEN,[],False
81fb9656,MGC,MGCN25,LONG,2025-06-11 03:00:00+00:00,2025-06-11 04:00:00+00:00,3328.6,3359.8999,1,10.0,2.25,1.0,312.9989999999998,306.4989999999998,2.89,3318.0,3359.9999,LONDON_OPEN,[],False
69ebe841,MGC,MGCN25,LONG,2025-06-11 04:00:00+00:00,2025-06-11 05:00:00+00:00,3328.6,3359.8999,1,10.0,2.25,1.0,312.9989999999998,306.4989999999998,2.89,3318.0,3359.9999,LONDON_OPEN,[],False
7a400476,MGC,MGCN25,SHORT,2025-06-17 03:00:00+00:00,2025-06-17 04:00:00+00:00,3445.7000000000003,3424.3003,1,10.0,2.25,1.0,213.99700000000394,207.49700000000394,2.84,3453.0,3424.2003,LONDON_OPEN,[],False
9c5bf412,MGC,MGCN25,SHORT,2025-06-17 04:00:00+00:00,2025-06-17 05:00:00+00:00,3445.7000000000003,3424.3003,1,10.0,2.25,1.0,213.99700000000394,207.49700000000394,2.84,3453.0,3424.2003,LONDON_OPEN,[],False
e46b10d3,MGC,MGCN25,SHORT,2025-06-19 02:00:00+00:00,2025-06-19 03:00:00+00:00,3445.7000000000003,3424.3003,1,10.0,2.25,1.0,213.99700000000394,207.49700000000394,2.84,3453.0,3424.2003,LONDON_OPEN,[],False
39baf32e,MGC,MGCN25,SHORT,2025-06-19 03:00:00+00:00,2025-06-19 04:00:00+00:00,3445.7000000000003,3424.3003,1,10.0,2.25,1.0,213.99700000000394,207.49700000000394,2.84,3453.0,3424.2003,LONDON_OPEN,[],False
e5ab866c,MGC,MGCN25,SHORT,2025-06-19 04:00:00+00:00,2025-06-19 05:00:00+00:00,3445.7000000000003,3424.3003,1,10.0,2.25,1.0,213.99700000000394,207.49700000000394,2.84,3453.0,3424.2003,LONDON_OPEN,[],False
bd8f6603,MGC,MGCN25,SHORT,2025-06-20 02:00:00+00:00,2025-06-20 03:00:00+00:00,3445.7000000000003,3424.3003,1,10.0,2.25,1.0,213.99700000000394,207.49700000000394,2.84,3453.0,3424.2003,LONDON_OPEN,[],False
b8951417,MGC,MGCN25,SHORT,2025-06-20 03:00:00+00:00,2025-06-20 04:00:00+00:00,3445.7000000000003,3424.3003,1,10.0,2.25,1.0,213.99700000000394,207.49700000000394,2.84,3453.0,3424.2003,LONDON_OPEN,[],False
3ba34e4e,MGC,MGCN25,SHORT,2025-06-20 04:00:00+00:00,2025-06-20 05:00:00+00:00,3445.7000000000003,3424.3003,1,10.0,2.25,1.0,213.99700000000394,207.49700000000394,2.84,3453.0,3424.2003,LONDON_OPEN,[],False
36b8e774,MGC,MGCQ25,SHORT,2025-06-24 02:00:00+00:00,2025-06-24 03:00:00+00:00,3445.7000000000003,3424.3003,1,10.0,2.25,1.0,213.99700000000394,207.49700000000394,2.84,3453.0,3424.2003,LONDON_OPEN,[],False
63e3e267,MGC,MGCQ25,SHORT,2025-06-24 03:00:00+00:00,2025-06-24 04:00:00+00:00,3445.7000000000003,3424.3003,1,10.0,2.25,1.0,213.99700000000394,207.49700000000394,2.84,3453.0,3424.2003,LONDON_OPEN,[],False
057f4bf7,MGC,MGCQ25,SHORT,2025-06-26 15:00:00+00:00,2025-06-26 16:00:00+00:00,3399.4,3398.7,1,10.0,2.25,1.0,7.0000000000027285,0.5000000000027285,0.13,3399.8,3398.6,NY_AFTERNOON,[],False
f75e001a,MGC,MGCQ25,SHORT,2025-06-27 02:00:00+00:00,2025-06-27 03:00:00+00:00,3389.0001,3310.3001,1,10.0,2.25,1.0,787.0000000000027,780.5000000000027,2.96,3415.4001,3310.2001,LONDON_OPEN,[],False
425f6847,MGC,MGCQ25,SHORT,2025-06-27 03:00:00+00:00,2025-06-27 04:00:00+00:00,3389.0001,3310.3001,1,10.0,2.25,1.0,787.0000000000027,780.5000000000027,2.96,3415.4001,3310.2001,LONDON_OPEN,[],False
7db51373,MGC,MGCQ25,SHORT,2025-06-27 04:00:00+00:00,2025-06-27 05:00:00+00:00,3389.0001,3310.3001,1,10.0,2.25,1.0,787.0000000000027,780.5000000000027,2.96,3415.4001,3310.2001,LONDON_OPEN,[],False
90f85da3,MGC,MGCQ25,SHORT,2025-06-30 02:00:00+00:00,2025-06-30 03:00:00+00:00,3361.1,3303.0996999999998,1,10.0,2.25,1.0,580.0030000000015,573.5030000000015,2.94,3380.6,3302.9997,LONDON_OPEN,[],False
3f5f98c2,MGC,MGCQ25,SHORT,2025-06-30 03:00:00+00:00,2025-06-30 04:00:00+00:00,3361.1,3303.0996999999998,1,10.0,2.25,1.0,580.0030000000015,573.5030000000015,2.94,3380.6,3302.9997,LONDON_OPEN,[],False
98bb4b54,MGC,MGCQ25,SHORT,2025-06-30 10:00:00+00:00,2025-06-30 11:00:00+00:00,3351.2000000000003,3350.5,1,10.0,2.25,1.0,7.0000000000027285,0.5000000000027285,0.13,3351.6,3350.4,NY_OPEN,[],False
4e7c7afa,MGC,MGCQ25,SHORT,2025-06-30 12:00:00+00:00,2025-06-30 13:00:00+00:00,3337.4,3336.7,1,10.0,2.25,1.0,7.0000000000027285,0.5000000000027285,0.13,3337.8,3336.6,NY_LUNCH,[],False
11daf957,MGC,MGCQ25,LONG,2025-07-02 10:00:00+00:00,2025-07-02 11:00:00+00:00,3300.7999999999997,3301.5,1,10.0,2.25,1.0,7.0000000000027285,0.5000000000027285,0.13,3300.4,3301.6,NY_OPEN,[],False
2a35913b,MGC,MGCQ25,LONG,2025-07-02 12:00:00+00:00,2025-07-02 13:00:00+00:00,3301.2001,3301.9001000000003,1,10.0,2.25,1.0,7.0000000000027285,0.5000000000027285,0.13,3300.8001,3302.0001,NY_LUNCH,[],False
b70eaecd,MGC,MGCQ25,LONG,2025-07-02 14:00:00+00:00,2025-07-02 15:00:00+00:00,3303.1,3303.8,1,10.0,2.25,1.0,7.0000000000027285,0.5000000000027285,0.13,3302.7,3303.9,NY_AFTERNOON,[],False
190859d9,MGC,MGCQ25,LONG,2025-07-02 15:00:00+00:00,2025-07-02 16:00:00+00:00,3303.1,3303.8,1,10.0,2.25,1.0,7.0000000000027285,0.5000000000027285,0.13,3302.7,3303.9,NY_AFTERNOON,[],False
d00396cc,MGC,MGCQ25,LONG,2025-07-04 04:00:00+00:00,2025-07-04 16:00:00+00:00,3351.9,3346.5,1,10.0,2.25,1.0,-54.00000000000091,-60.50000000000091,-0.47,3339.0,3390.2,LONDON_OPEN,[],False
f17380e4,MGC,MGCQ25,SHORT,2025-07-07 02:00:00+00:00,2025-07-07 23:00:00+00:00,3347.0001,3344.39990234375,1,10.0,2.25,1.0,26.001976562502023,19.501976562502023,0.09,3368.1999,3283.8007,LONDON_OPEN,[],False
4c81678e,MGC,MGCQ25,SHORT,2025-07-08 02:00:00+00:00,2025-07-08 10:00:00+00:00,3347.0001,3330.1004,1,10.0,2.25,1.0,168.99700000000394,162.49700000000394,2.8,3352.8,3330.0004,LONDON_OPEN,[],False
f483c280,MGC,MGCQ25,LONG,2025-07-11 15:00:00+00:00,2025-07-11 16:00:00+00:00,3330.6,3354.7001,1,10.0,2.25,1.0,241.0010000000011,234.5010000000011,2.86,3322.4,3354.8001,NY_AFTERNOON,[],False
6f5a8e5f,MGC,MGCQ25,LONG,2025-07-21 02:00:00+00:00,2025-07-21 03:00:00+00:00,3330.9999,3331.6999,1,10.0,2.25,1.0,7.0000000000027285,0.5000000000027285,0.13,3330.5999,3331.7999,LONDON_OPEN,[],False
90d76339,MGC,MGCQ25,LONG,2025-07-21 03:00:00+00:00,2025-07-21 04:00:00+00:00,3330.9999,3331.6999,1,10.0,2.25,1.0,7.0000000000027285,0.5000000000027285,0.13,3330.5999,3331.7999,LONDON_OPEN,[],False
a7530050,MGC,MGCQ25,LONG,2025-07-21 04:00:00+00:00,2025-07-21 05:00:00+00:00,3330.9999,3331.6999,1,10.0,2.25,1.0,7.0000000000027285,0.5000000000027285,0.13,3330.5999,3331.7999,LONDON_OPEN,[],False
35e20056,MGC,MGCQ25,LONG,2025-07-21 15:00:00+00:00,2025-07-21 16:00:00+00:00,3363.1,3407.3,1,10.0,2.25,1.0,442.00000000000273,435.50000000000273,2.92,3348.2,3407.4,NY_AFTERNOON,[],False
b8bf1959,MGC,MGCU25,LONG,2025-07-22 03:00:00+00:00,2025-07-22 16:00:00+00:00,3365.1,3446.4997000000003,1,10.0,2.25,1.0,813.9970000000039,807.4970000000039,2.96,3337.8001,3446.5997,LONDON_OPEN,[],False
bacf44df,MGC,MGCU25,LONG,2025-07-23 14:00:00+00:00,2025-07-23 15:00:00+00:00,3363.1,3407.3,1,10.0,2.25,1.0,442.00000000000273,435.50000000000273,2.92,3348.2,3407.4,NY_AFTERNOON,[],False
62e096a2,MGC,MGCU25,LONG,2025-07-23 15:00:00+00:00,2025-07-23 23:00:00+00:00,3363.1,3397.10009765625,1,10.0,2.25,1.0,340.0009765625009,333.5009765625009,2.24,3348.2,3407.4,NY_AFTERNOON,[],False
4ab350b1,MGC,MGCU25,SHORT,2025-07-28 03:00:00+00:00,2025-07-28 23:00:00+00:00,3360.0001,3310.5,1,10.0,2.25,1.0,495.001000000002,488.501000000002,0.62,3439.1999,3122.8007,LONDON_OPEN,[],False
347e2efc,MGC,MGCU25,SHORT,2025-07-29 03:00:00+00:00,2025-07-29 23:00:00+00:00,3360.0001,3326.300048828125,1,10.0,2.25,1.0,337.000511718752,330.500511718752,0.42,3439.1999,3122.8007,LONDON_OPEN,[],False
61c0f6b5,MGC,MGCU25,SHORT,2025-07-31 02:00:00+00:00,2025-07-31 23:00:00+00:00,3360.0001,3340.10009765625,1,10.0,2.25,1.0,199.00002343750202,192.50002343750202,0.24,3439.1999,3122.8007,LONDON_OPEN,[],False
4bdccf4d,MGC,MGCU25,SHORT,2025-08-01 02:00:00+00:00,2025-08-01 20:00:00+00:00,3339.5001,3416.0,1,10.0,2.25,1.0,-764.998999999998,-771.498999999998,-0.77,3439.1999,3040.8007,LONDON_OPEN,[],False
90399c92,MGC,MGCU25,LONG,2025-08-08 02:00:00+00:00,2025-08-08 03:00:00+00:00,3327.2999999999997,3328.0,1,10.0,2.25,1.0,7.0000000000027285,0.5000000000027285,0.13,3326.9,3328.1,LONDON_OPEN,[],False
48eed58c,MGC,MGCU25,LONG,2025-08-08 03:00:00+00:00,2025-08-08 04:00:00+00:00,3327.2999999999997,3328.0,1,10.0,2.25,1.0,7.0000000000027285,0.5000000000027285,0.13,3326.9,3328.1,LONDON_OPEN,[],False
0f629d76,MGC,MGCU25,LONG,2025-08-08 14:00:00+00:00,2025-08-08 15:00:00+00:00,3438.2001,3445.2004,1,10.0,2.25,1.0,70.00300000000152,63.50300000000152,2.54,3435.7,3445.3004,NY_AFTERNOON,[],False
3e6c70af,MGC,MGCU25,LONG,2025-08-08 15:00:00+00:00,2025-08-08 16:00:00+00:00,3438.2001,3445.2004,1,10.0,2.25,1.0,70.00300000000152,63.50300000000152,2.54,3435.7,3445.3004,NY_AFTERNOON,[],False
702fddf9,MGC,MGCU25,LONG,2025-08-11 04:00:00+00:00,2025-08-11 05:00:00+00:00,3345.9,3363.4003000000002,1,10.0,2.25,1.0,175.00300000000152,168.50300000000152,2.81,3339.9,3363.5003,LONDON_OPEN,[],False
51c1dcfc,MGC,MGCU25,LONG,2025-08-12 02:00:00+00:00,2025-08-12 23:00:00+00:00,3431.6,3401.39990234375,1,10.0,2.25,1.0,-302.0009765624991,-308.5009765624991,-0.34,3339.9,3706.3001,LONDON_OPEN,[],False
ca892759,MGC,MGCU25,LONG,2025-08-13 14:00:00+00:00,2025-08-13 15:00:00+00:00,3438.2001,3435.6,1,10.0,2.25,1.0,-26.001000000001113,-32.50100000000111,-1.3,3435.7,3445.3004,NY_AFTERNOON,[],False
a67124be,MGC,MGCU25,LONG,2025-08-13 15:00:00+00:00,2025-08-13 16:00:00+00:00,3438.2001,3435.6,1,10.0,2.25,1.0,-26.001000000001113,-32.50100000000111,-1.3,3435.7,3445.3004,NY_AFTERNOON,[],False
596f8806,MGC,MGCU25,SHORT,2025-08-18 15:00:00+00:00,2025-08-18 23:00:00+00:00,3387.2000000000003,3376.10009765625,1,10.0,2.25,1.0,110.99902343750273,104.49902343750273,0.34,3417.9001,3295.4999,NY_AFTERNOON,[],False
e5192c92,MGC,MGCU25,SHORT,2025-08-19 14:00:00+00:00,2025-08-19 23:00:00+00:00,3387.2000000000003,3356.800048828125,1,10.0,2.25,1.0,303.99951171875273,297.49951171875273,0.97,3417.9001,3295.4999,NY_AFTERNOON,[],False
5552f47b,MGC,MGCV25,SHORT,2025-08-21 04:00:00+00:00,2025-08-21 05:00:00+00:00,3406.6,3405.9,1,10.0,2.25,1.0,6.999999999998181,0.499999999998181,0.12,3407.0,3405.8,LONDON_OPEN,[],False
5f6aa93e,MGC,MGCV25,SHORT,2025-08-21 14:00:00+00:00,2025-08-21 23:00:00+00:00,3387.2000000000003,3382.60009765625,1,10.0,2.25,1.0,45.99902343750273,39.49902343750273,0.13,3417.9001,3295.4999,NY_AFTERNOON,[],False
574740d8,MGC,MGCV25,LONG,2025-08-22 15:00:00+00:00,2025-08-22 16:00:00+00:00,3390.4,3419.3005000000003,1,10.0,2.25,1.0,289.0050000000019,282.5050000000019,2.88,3380.5999,3419.4005,NY_AFTERNOON,[],False
2dd08e11,MGC,MGCV25,SHORT,2025-08-25 02:00:00+00:00,2025-08-25 03:00:00+00:00,3392.6,3393.9,1,10.0,2.25,1.0,-13.000000000001819,-19.50000000000182,-1.62,3393.8,3389.3998,LONDON_OPEN,[],False
1055feee,MGC,MGCV25,SHORT,2025-08-27 02:00:00+00:00,2025-08-27 03:00:00+00:00,3378.2999,3393.9,1,10.0,2.25,1.0,-156.0010000000011,-162.5010000000011,-1.05,3393.8,3332.1996,LONDON_OPEN,[],False
01106fff,MGC,MGCV25,SHORT,2025-08-27 03:00:00+00:00,2025-08-27 04:00:00+00:00,3378.2999,3393.9,1,10.0,2.25,1.0,-156.0010000000011,-162.5010000000011,-1.05,3393.8,3332.1996,LONDON_OPEN,[],False
7f7f499c,MGC,MGCV25,SHORT,2025-08-27 04:00:00+00:00,2025-08-27 05:00:00+00:00,3378.2999,3393.9,1,10.0,2.25,1.0,-156.0010000000011,-162.5010000000011,-1.05,3393.8,3332.1996,LONDON_OPEN,[],False
f9c8230d,MGC,MGCV25,LONG,2025-09-08 02:00:00+00:00,2025-09-08 03:00:00+00:00,3431.4999,3432.1999,1,10.0,2.25,1.0,7.0000000000027285,0.5000000000027285,0.13,3431.0999,3432.2999,LONDON_OPEN,[],False
25f52380,MGC,MGCV25,LONG,2025-09-08 03:00:00+00:00,2025-09-08 04:00:00+00:00,3431.4999,3432.1999,1,10.0,2.25,1.0,7.0000000000027285,0.5000000000027285,0.13,3431.0999,3432.2999,LONDON_OPEN,[],False
3b39df6b,MGC,MGCV25,LONG,2025-09-08 14:00:00+00:00,2025-09-08 15:00:00+00:00,3612.7001,3613.4001000000003,1,10.0,2.25,1.0,7.0000000000027285,0.5000000000027285,0.13,3612.3001,3613.5001,NY_AFTERNOON,[],False
d5e7e237,MGC,MGCV25,LONG,2025-09-08 15:00:00+00:00,2025-09-08 16:00:00+00:00,3612.7001,3613.4001000000003,1,10.0,2.25,1.0,7.0000000000027285,0.5000000000027285,0.13,3612.3001,3613.5001,NY_AFTERNOON,[],False
b600b315,MGC,MGCV25,LONG,2025-09-10 02:00:00+00:00,2025-09-10 03:00:00+00:00,3470.7001,3471.4001000000003,1,10.0,2.25,1.0,7.0000000000027285,0.5000000000027285,0.13,3470.3001,3471.5001,LONDON_OPEN,[],False
cb44785f,MGC,MGCV25,LONG,2025-09-10 04:00:00+00:00,2025-09-10 05:00:00+00:00,3470.7001,3471.4001000000003,1,10.0,2.25,1.0,7.0000000000027285,0.5000000000027285,0.13,3470.3001,3471.5001,LONDON_OPEN,[],False
042bd6c0,MGC,MGCV25,LONG,2025-09-11 02:00:00+00:00,2025-09-11 03:00:00+00:00,3592.1,3616.8,1,10.0,2.25,1.0,247.00000000000273,240.50000000000273,2.86,3583.7,3616.9,LONDON_OPEN,[],False
12375bce,MGC,MGCV25,LONG,2025-09-11 03:00:00+00:00,2025-09-11 04:00:00+00:00,3592.1,3616.8,1,10.0,2.25,1.0,247.00000000000273,240.50000000000273,2.86,3583.7,3616.9,LONDON_OPEN,[],False
6a2b4b5b,MGC,MGCV25,LONG,2025-09-11 14:00:00+00:00,2025-09-11 15:00:00+00:00,3612.7001,3613.4001000000003,1,10.0,2.25,1.0,7.0000000000027285,0.5000000000027285,0.13,3612.3001,3613.5001,NY_AFTERNOON,[],False
ab7b14d5,MGC,MGCV25,LONG,2025-09-11 15:00:00+00:00,2025-09-11 16:00:00+00:00,3612.7001,3613.4001000000003,1,10.0,2.25,1.0,7.0000000000027285,0.5000000000027285,0.13,3612.3001,3613.5001,NY_AFTERNOON,[],False
aff7c143,MGC,MGCV25,LONG,2025-09-12 02:00:00+00:00,2025-09-12 03:00:00+00:00,3592.1,3616.8,1,10.0,2.25,1.0,247.00000000000273,240.50000000000273,2.86,3583.7,3616.9,LONDON_OPEN,[],False
1c34d992,MGC,MGCV25,LONG,2025-09-12 03:00:00+00:00,2025-09-12 04:00:00+00:00,3592.1,3616.8,1,10.0,2.25,1.0,247.00000000000273,240.50000000000273,2.86,3583.7,3616.9,LONDON_OPEN,[],False
96ab1129,MGC,MGCV25,LONG,2025-09-12 04:00:00+00:00,2025-09-12 05:00:00+00:00,3592.1,3616.8,1,10.0,2.25,1.0,247.00000000000273,240.50000000000273,2.86,3583.7,3616.9,LONDON_OPEN,[],False
1e42605c,MGC,MGCV25,LONG,2025-09-16 02:00:00+00:00,2025-09-16 23:00:00+00:00,3626.7001,3731.699951171875,1,10.0,2.25,1.0,1049.9985117187498,1043.4985117187498,2.43,3583.7,3755.3004,LONDON_OPEN,[],False
fdc0246b,MGC,MGCV25,LONG,2025-09-17 02:00:00+00:00,2025-09-17 03:00:00+00:00,3626.7001,3627.4001000000003,1,10.0,2.25,1.0,7.0000000000027285,0.5000000000027285,0.13,3626.3001,3627.5001,LONDON_OPEN,[],False
94b15a64,MGC,MGCV25,LONG,2025-09-17 04:00:00+00:00,2025-09-17 05:00:00+00:00,3626.7001,3627.4001000000003,1,10.0,2.25,1.0,7.0000000000027285,0.5000000000027285,0.13,3626.3001,3627.5001,LONDON_OPEN,[],False
6130098f,MGC,MGCV25,LONG,2025-09-17 10:00:00+00:00,2025-09-17 11:00:00+00:00,3683.4999,3684.1999,1,10.0,2.25,1.0,7.0000000000027285,0.5000000000027285,0.13,3683.0999,3684.2999,NY_OPEN,[],False
3be08beb,MGC,MGCV25,LONG,2025-09-17 12:00:00+00:00,2025-09-17 13:00:00+00:00,3688.4999,3717.9995,1,10.0,2.25,1.0,294.996000000001,288.496000000001,2.88,3678.5,3718.0995,NY_LUNCH,[],False
94fc860f,MGC,MGCV25,LONG,2025-09-18 02:00:00+00:00,2025-09-18 03:00:00+00:00,3672.2999999999997,3673.0,1,10.0,2.25,1.0,7.0000000000027285,0.5000000000027285,0.13,3671.9,3673.1,LONDON_OPEN,[],False
b2c89ee8,MGC,MGCV25,LONG,2025-09-18 03:00:00+00:00,2025-09-18 04:00:00+00:00,3672.2999999999997,3673.0,1,10.0,2.25,1.0,7.0000000000027285,0.5000000000027285,0.13,3671.9,3673.1,LONDON_OPEN,[],False
9e4af07b,MGC,MGCV25,LONG,2025-09-18 04:00:00+00:00,2025-09-18 05:00:00+00:00,3672.2999999999997,3673.0,1,10.0,2.25,1.0,7.0000000000027285,0.5000000000027285,0.13,3671.9,3673.1,LONDON_OPEN,[],False
e9c2315e,MGC,MGCX25,LONG,2025-09-22 03:00:00+00:00,2025-09-22 04:00:00+00:00,3692.9,3729.3005000000003,1,10.0,2.25,1.0,364.0050000000019,357.5050000000019,2.91,3680.5999,3729.4005,LONDON_OPEN,[],False
316ca169,MGC,MGCX25,LONG,2025-09-22 04:00:00+00:00,2025-09-22 05:00:00+00:00,3692.9,3729.3005000000003,1,10.0,2.25,1.0,364.0050000000019,357.5050000000019,2.91,3680.5999,3729.4005,LONDON_OPEN,[],False
d02dded7,MGC,MGCX25,LONG,2025-09-22 15:00:00+00:00,2025-09-22 23:00:00+00:00,3709.6,3782.199951171875,1,10.0,2.25,1.0,725.9995117187509,719.4995117187509,2.38,3679.4,3799.8001,NY_AFTERNOON,[],False
773d7299,MGC,MGCX25,LONG,2025-09-23 02:00:00+00:00,2025-09-23 03:00:00+00:00,3684.4,3735.5002,1,10.0,2.25,1.0,511.0019999999986,504.5019999999986,2.93,3667.2,3735.6002,LONDON_OPEN,[],False
318d051e,MGC,MGCX25,LONG,2025-09-23 03:00:00+00:00,2025-09-23 04:00:00+00:00,3684.4,3735.5002,1,10.0,2.25,1.0,511.0019999999986,504.5019999999986,2.93,3667.2,3735.6002,LONDON_OPEN,[],False
23e4709d,MGC,MGCX25,LONG,2025-09-23 04:00:00+00:00,2025-09-23 05:00:00+00:00,3692.9,3769.5002,1,10.0,2.25,1.0,766.0019999999986,759.5019999999986,2.96,3667.2,3769.6002,LONDON_OPEN,[],False
a3403335,MGC,MGCX25,LONG,2025-09-23 14:00:00+00:00,2025-09-23 15:00:00+00:00,3709.6,3741.8,1,10.0,2.25,1.0,322.00000000000273,315.50000000000273,2.89,3698.7,3741.9,NY_AFTERNOON,[],False
8594c2d9,MGC,MGCX25,LONG,2025-09-23 15:00:00+00:00,2025-09-23 16:00:00+00:00,3709.6,3741.8,1,10.0,2.25,1.0,322.00000000000273,315.50000000000273,2.89,3698.7,3741.9,NY_AFTERNOON,[],False
243c85db,MGC,MGCX25,LONG,2025-09-24 02:00:00+00:00,2025-09-24 03:00:00+00:00,3692.9,3741.3005000000003,1,10.0,2.25,1.0,484.0050000000019,477.5050000000019,2.93,3676.5999,3741.4005,LONDON_OPEN,[],False
e6017238,MGC,MGCX25,LONG,2025-09-24 03:00:00+00:00,2025-09-24 04:00:00+00:00,3692.9,3741.3005000000003,1,10.0,2.25,1.0,484.0050000000019,477.5050000000019,2.93,3676.5999,3741.4005,LONDON_OPEN,[],False
cdf57b62,MGC,MGCX25,LONG,2025-09-24 04:00:00+00:00,2025-09-24 05:00:00+00:00,3692.9,3741.3005000000003,1,10.0,2.25,1.0,484.0050000000019,477.5050000000019,2.93,3676.5999,3741.4005,LONDON_OPEN,[],False
da2f79a8,MGC,MGCX25,LONG,2025-09-24 10:00:00+00:00,2025-09-24 11:00:00+00:00,3691.9999,3692.6999,1,10.0,2.25,1.0,7.0000000000027285,0.5000000000027285,0.13,3691.5999,3692.7999,NY_OPEN,[],False
59431df5,MGC,MGCX25,LONG,2025-09-24 12:00:00+00:00,2025-09-24 13:00:00+00:00,3684.4,3685.1,1,10.0,2.25,1.0,6.999999999998181,0.499999999998181,0.12,3684.0,3685.2,NY_LUNCH,[],False
931b7f5e,MGC,MGCX25,LONG,2025-09-25 02:00:00+00:00,2025-09-25 03:00:00+00:00,3692.9,3741.3005000000003,1,10.0,2.25,1.0,484.0050000000019,477.5050000000019,2.93,3676.5999,3741.4005,LONDON_OPEN,[],False
38d85909,MGC,MGCX25,LONG,2025-09-25 03:00:00+00:00,2025-09-25 04:00:00+00:00,3692.9,3741.3005000000003,1,10.0,2.25,1.0,484.0050000000019,477.5050000000019,2.93,3676.5999,3741.4005,LONDON_OPEN,[],False
14e729c3,MGC,MGCX25,LONG,2025-09-26 02:00:00+00:00,2025-09-26 03:00:00+00:00,3692.9,3708.0002,1,10.0,2.25,1.0,151.0019999999986,144.5019999999986,2.78,3687.7,3708.1002,LONDON_OPEN,[],False
61438d43,MGC,MGCX25,LONG,2025-09-26 03:00:00+00:00,2025-09-26 04:00:00+00:00,3692.9,3708.0002,1,10.0,2.25,1.0,151.0019999999986,144.5019999999986,2.78,3687.7,3708.1002,LONDON_OPEN,[],False
5d10c5cb,MGC,MGCX25,LONG,2025-09-26 04:00:00+00:00,2025-09-26 05:00:00+00:00,3692.9,3708.0002,1,10.0,2.25,1.0,151.0019999999986,144.5019999999986,2.78,3687.7,3708.1002,LONDON_OPEN,[],False
d0b153ee,MGC,MGCX25,LONG,2025-09-29 02:00:00+00:00,2025-09-29 23:00:00+00:00,3792.4,3861.10009765625,1,10.0,2.25,1.0,687.0009765624991,680.5009765624991,0.65,3687.7,4106.1002,LONDON_OPEN,[],False
25949556,MGC,MGCX25,LONG,2025-09-30 02:00:00+00:00,2025-09-30 23:00:00+00:00,3792.4,3890.60009765625,1,10.0,2.25,1.0,982.0009765624991,975.5009765624991,0.93,3687.7,4106.1002,LONDON_OPEN,[],False
910fce8d,MGC,MGCX25,LONG,2025-10-02 02:00:00+00:00,2025-10-02 03:00:00+00:00,3777.2999999999997,3792.4001000000003,1,10.0,2.25,1.0,151.00100000000566,144.50100000000566,2.78,3772.0999,3792.5001,LONDON_OPEN,[],False
d8fbc8df,MGC,MGCX25,LONG,2025-10-02 03:00:00+00:00,2025-10-02 04:00:00+00:00,3777.2999999999997,3792.4001000000003,1,10.0,2.25,1.0,151.00100000000566,144.50100000000566,2.78,3772.0999,3792.5001,LONDON_OPEN,[],False
39fb1546,MGC,MGCX25,LONG,2025-10-07 10:00:00+00:00,2025-10-07 11:00:00+00:00,3891.6,3892.3,1,10.0,2.25,1.0,7.0000000000027285,0.5000000000027285,0.13,3891.2,3892.4,NY_OPEN,[],False
fccf9937,MGC,MGCX25,LONG,2025-10-07 12:00:00+00:00,2025-10-07 13:00:00+00:00,3899.6,3900.3,1,10.0,2.25,1.0,7.0000000000027285,0.5000000000027285,0.13,3899.2,3900.4,NY_LUNCH,[],False
c1f02ec6,MGC,MGCX25,LONG,2025-10-07 14:00:00+00:00,2025-10-07 15:00:00+00:00,3912.6,3913.3,1,10.0,2.25,1.0,7.0000000000027285,0.5000000000027285,0.13,3912.2,3913.4,NY_AFTERNOON,[],False
09504fbe,MGC,MGCX25,LONG,2025-10-07 15:00:00+00:00,2025-10-07 16:00:00+00:00,3912.6,3913.3,1,10.0,2.25,1.0,7.0000000000027285,0.5000000000027285,0.13,3912.2,3913.4,NY_AFTERNOON,[],False
94a3496d,MGC,MGCX25,SHORT,2025-10-10 03:00:00+00:00,2025-10-10 04:00:00+00:00,3886.5001,3895.9,1,10.0,2.25,1.0,-93.99899999999889,-100.49899999999889,-1.08,3895.8,3859.0004,LONDON_OPEN,[],False
f842a337,MGC,MGCX25,SHORT,2025-10-10 04:00:00+00:00,2025-10-10 05:00:00+00:00,3886.5001,3895.9,1,10.0,2.25,1.0,-93.99899999999889,-100.49899999999889,-1.08,3895.8,3859.0004,LONDON_OPEN,[],False
e112cb10,MGC,MGCX25,LONG,2025-10-13 03:00:00+00:00,2025-10-13 23:00:00+00:00,3980.7999999999997,4145.89990234375,1,10.0,2.25,1.0,1650.9990234375027,1644.4990234375027,1.74,3886.2,4264.1998,LONDON_OPEN,[],False
72416027,MGC,MGCX25,SHORT,2025-10-14 02:00:00+00:00,2025-10-14 03:00:00+00:00,4046.0001,4046.5000999999997,1,10.0,2.25,1.0,-4.9999999999954525,-11.499999999995453,-2.88,4046.4001,4045.2001,LONDON_OPEN,[],False
b3673443,MGC,MGCX25,SHORT,2025-10-14 03:00:00+00:00,2025-10-14 04:00:00+00:00,4046.0001,4046.5000999999997,1,10.0,2.25,1.0,-4.9999999999954525,-11.499999999995453,-2.88,4046.4001,4045.2001,LONDON_OPEN,[],False
f86d9d56,MGC,MGCX25,SHORT,2025-10-14 04:00:00+00:00,2025-10-14 05:00:00+00:00,4046.0001,4046.5000999999997,1,10.0,2.25,1.0,-4.9999999999954525,-11.499999999995453,-2.88,4046.4001,4045.2001,LONDON_OPEN,[],False
6aad7804,MGC,MGCX25,LONG,2025-10-16 10:00:00+00:00,2025-10-16 11:00:00+00:00,4015.2001,4015.9001000000003,1,10.0,2.25,1.0,7.0000000000027285,0.5000000000027285,0.13,4014.8001,4016.0001,NY_OPEN,[],False
350e59f6,MGC,MGCX25,LONG,2025-10-16 14:00:00+00:00,2025-10-16 15:00:00+00:00,4038.7001,4039.4001000000003,1,10.0,2.25,1.0,7.0000000000027285,0.5000000000027285,0.13,4038.3001,4039.5001,NY_AFTERNOON,[],False
05efb83d,MGC,MGCX25,LONG,2025-10-16 15:00:00+00:00,2025-10-16 16:00:00+00:00,4038.7001,4039.4001000000003,1,10.0,2.25,1.0,7.0000000000027285,0.5000000000027285,0.13,4038.3001,4039.5001,NY_AFTERNOON,[],False
0c7d00f1,MGC,MGCX25,LONG,2025-10-17 10:00:00+00:00,2025-10-17 11:00:00+00:00,4015.2001,4015.9001000000003,1,10.0,2.25,1.0,7.0000000000027285,0.5000000000027285,0.13,4014.8001,4016.0001,NY_OPEN,[],False
1f18e8bb,MGC,MGCX25,LONG,2025-10-17 14:00:00+00:00,2025-10-17 15:00:00+00:00,4038.7001,4039.4001000000003,1,10.0,2.25,1.0,7.0000000000027285,0.5000000000027285,0.13,4038.3001,4039.5001,NY_AFTERNOON,[],False
8791fed4,MGC,MGCX25,LONG,2025-10-21 14:00:00+00:00,2025-10-21 15:00:00+00:00,4273.800200000001,4273.3002,1,10.0,2.25,1.0,-5.000000000009095,-11.500000000009095,-2.87,4273.4002,4274.6002,NY_AFTERNOON,[],False
e4c98d82,MGC,MGCZ25,SHORT,2025-10-22 03:00:00+00:00,2025-10-22 04:00:00+00:00,4352.4,4320.8006000000005,1,10.0,2.25,1.0,315.9939999999915,309.4939999999915,2.89,4363.0998,4320.7006,LONDON_OPEN,[],False
6e70ea6c,MGC,MGCZ25,SHORT,2025-10-22 14:00:00+00:00,2025-10-22 15:00:00+00:00,4348.6002,4347.9002,1,10.0,2.25,1.0,6.999999999998181,0.499999999998181,0.12,4349.0002,4347.8002,NY_AFTERNOON,[],False
5f81da6a,MGC,MGCZ25,SHORT,2025-10-22 15:00:00+00:00,2025-10-22 16:00:00+00:00,4348.6002,4347.9002,1,10.0,2.25,1.0,6.999999999998181,0.499999999998181,0.12,4349.0002,4347.8002,NY_AFTERNOON,[],False
dace368e,MGC,MGCZ25,SHORT,2025-10-27 02:00:00+00:00,2025-10-27 03:00:00+00:00,4352.4,4320.8006000000005,1,10.0,2.25,1.0,315.9939999999915,309.4939999999915,2.89,4363.0998,4320.7006,LONDON_OPEN,[],False
3160b3cc,MGC,MGCZ25,SHORT,2025-10-27 03:00:00+00:00,2025-10-27 04:00:00+00:00,4352.4,4320.8006000000005,1,10.0,2.25,1.0,315.9939999999915,309.4939999999915,2.89,4363.0998,4320.7006,LONDON_OPEN,[],False
6a2c7819,MGC,MGCZ25,SHORT,2025-10-27 04:00:00+00:00,2025-10-27 05:00:00+00:00,4352.4,4320.8006000000005,1,10.0,2.25,1.0,315.9939999999915,309.4939999999915,2.89,4363.0998,4320.7006,LONDON_OPEN,[],False
d8c5158c,MGC,MGCZ25,SHORT,2025-10-28 02:00:00+00:00,2025-10-28 03:00:00+00:00,4352.4,4320.8006000000005,1,10.0,2.25,1.0,315.9939999999915,309.4939999999915,2.89,4363.0998,4320.7006,LONDON_OPEN,[],False
9d1e7919,MGC,MGCZ25,SHORT,2025-10-28 03:00:00+00:00,2025-10-28 04:00:00+00:00,4352.4,4320.8006000000005,1,10.0,2.25,1.0,315.9939999999915,309.4939999999915,2.89,4363.0998,4320.7006,LONDON_OPEN,[],False
2c6543f5,MGC,MGCZ25,SHORT,2025-10-28 04:00:00+00:00,2025-10-28 05:00:00+00:00,4352.4,4320.8006000000005,1,10.0,2.25,1.0,315.9939999999915,309.4939999999915,2.89,4363.0998,4320.7006,LONDON_OPEN,[],False
11f287d8,MGC,MGCZ25,SHORT,2025-10-28 14:00:00+00:00,2025-10-28 15:00:00+00:00,4348.6002,4347.9002,1,10.0,2.25,1.0,6.999999999998181,0.499999999998181,0.12,4349.0002,4347.8002,NY_AFTERNOON,[],False
4082ae8c,MGC,MGCZ25,SHORT,2025-10-28 15:00:00+00:00,2025-10-28 16:00:00+00:00,4348.6002,4347.9002,1,10.0,2.25,1.0,6.999999999998181,0.499999999998181,0.12,4349.0002,4347.8002,NY_AFTERNOON,[],False
155aa261,MGC,MGCZ25,SHORT,2025-10-29 02:00:00+00:00,2025-10-29 03:00:00+00:00,4352.4,4320.8006000000005,1,10.0,2.25,1.0,315.9939999999915,309.4939999999915,2.89,4363.0998,4320.7006,LONDON_OPEN,[],False
3579909b,MGC,MGCZ25,SHORT,2025-10-29 03:00:00+00:00,2025-10-29 04:00:00+00:00,4352.4,4320.8006000000005,1,10.0,2.25,1.0,315.9939999999915,309.4939999999915,2.89,4363.0998,4320.7006,LONDON_OPEN,[],False
45710ce4,MGC,MGCZ25,SHORT,2025-10-30 14:00:00+00:00,2025-10-30 15:00:00+00:00,4128.6002,4127.9002,1,10.0,2.25,1.0,6.999999999998181,0.499999999998181,0.12,4129.0002,4127.8002,NY_AFTERNOON,[],False
26cce518,MGC,MGCZ25,SHORT,2025-10-30 15:00:00+00:00,2025-10-30 16:00:00+00:00,4128.6002,4127.9002,1,10.0,2.25,1.0,6.999999999998181,0.499999999998181,0.12,4129.0002,4127.8002,NY_AFTERNOON,[],False
abf8883a,MGC,MGCZ25,SHORT,2025-10-31 04:00:00+00:00,2025-10-31 05:00:00+00:00,4115.4,4060.7,1,10.0,2.25,1.0,546.9999999999982,540.4999999999982,2.94,4133.8,4060.6,LONDON_OPEN,[],False
e497c95c,MGC,MGCZ25,SHORT,2025-11-03 02:00:00+00:00,2025-11-03 03:00:00+00:00,4115.4,4060.7,1,10.0,2.25,1.0,546.9999999999982,540.4999999999982,2.94,4133.8,4060.6,LONDON_OPEN,[],False
4f97fac6,MGC,MGCZ25,SHORT,2025-11-03 03:00:00+00:00,2025-11-03 04:00:00+00:00,4115.4,4060.7,1,10.0,2.25,1.0,546.9999999999982,540.4999999999982,2.94,4133.8,4060.6,LONDON_OPEN,[],False
07496af0,MGC,MGCZ25,SHORT,2025-11-04 15:00:00+00:00,2025-11-04 23:00:00+00:00,4014.2999,3938.5998999999997,1,10.0,2.25,1.0,757.0000000000027,750.5000000000027,2.95,4039.6999,3938.4999,NY_AFTERNOON,[],False
54aad9cf,MGC,MGCZ25,SHORT,2025-11-07 04:00:00+00:00,2025-11-07 16:00:00+00:00,4011.6,4027.6,1,10.0,2.25,1.0,-160.0,-166.5,-1.05,4027.5,3964.3,LONDON_OPEN,[],False
1904a906,MGC,MGCZ25,LONG,2025-11-10 03:00:00+00:00,2025-11-10 23:00:00+00:00,4005.9,4126.60009765625,1,10.0,2.25,1.0,1207.000976562499,1200.500976562499,2.39,3955.5999,4156.4005,LONDON_OPEN,[],False
6aa5c51f,MGC,MGCZ25,LONG,2025-11-11 02:00:00+00:00,2025-11-11 03:00:00+00:00,4005.9,4061.1999,1,10.0,2.25,1.0,552.9989999999998,546.4989999999998,2.94,3987.3001,4061.2999,LONDON_OPEN,[],False
bb334218,MGC,MGCZ25,LONG,2025-11-11 03:00:00+00:00,2025-11-11 04:00:00+00:00,4005.9,4061.1999,1,10.0,2.25,1.0,552.9989999999998,546.4989999999998,2.94,3987.3001,4061.2999,LONDON_OPEN,[],False
ba1f8d14,MGC,MGCZ25,LONG,2025-11-11 04:00:00+00:00,2025-11-11 05:00:00+00:00,4005.9,4061.1999,1,10.0,2.25,1.0,552.9989999999998,546.4989999999998,2.94,3987.3001,4061.2999,LONDON_OPEN,[],False
4a391abc,MGC,MGCZ25,LONG,2025-11-14 02:00:00+00:00,2025-11-14 03:00:00+00:00,4005.9,4061.1999,1,10.0,2.25,1.0,552.9989999999998,546.4989999999998,2.94,3987.3001,4061.2999,LONDON_OPEN,[],False
9ae6815d,MGC,MGCZ25,LONG,2025-11-17 02:00:00+00:00,2025-11-17 03:00:00+00:00,4005.9,4037.8005000000003,1,10.0,2.25,1.0,319.0050000000019,312.5050000000019,2.89,3995.0999,4037.9005,LONDON_OPEN,[],False
315fd211,MGC,MGCZ25,SHORT,2025-11-17 03:00:00+00:00,2025-11-17 04:00:00+00:00,4199.4,4145.5994,1,10.0,2.25,1.0,538.0059999999958,531.5059999999958,2.94,4217.5002,4145.4994,LONDON_OPEN,[],False
9685de7b,MGC,MGCZ25,SHORT,2025-11-17 04:00:00+00:00,2025-11-17 05:00:00+00:00,4199.4,4145.5994,1,10.0,2.25,1.0,538.0059999999958,531.5059999999958,2.94,4217.5002,4145.4994,LONDON_OPEN,[],False
b3128d99,MGC,MGCZ25,SHORT,2025-11-18 02:00:00+00:00,2025-11-18 03:00:00+00:00,4199.4,4145.5994,1,10.0,2.25,1.0,538.0059999999958,531.5059999999958,2.94,4217.5002,4145.4994,LONDON_OPEN,[],False
d780e349,MGC,MGCZ25,SHORT,2025-11-18 03:00:00+00:00,2025-11-18 04:00:00+00:00,4199.4,4145.5994,1,10.0,2.25,1.0,538.0059999999958,531.5059999999958,2.94,4217.5002,4145.4994,LONDON_OPEN,[],False
7c249948,MGC,MGCZ25,SHORT,2025-11-18 04:00:00+00:00,2025-11-18 05:00:00+00:00,4199.4,4145.5994,1,10.0,2.25,1.0,538.0059999999958,531.5059999999958,2.94,4217.5002,4145.4994,LONDON_OPEN,[],False
d2b11f42,MGC,MGCF26,SHORT,2025-11-19 02:00:00+00:00,2025-11-19 03:00:00+00:00,4199.4,4145.5994,1,10.0,2.25,1.0,538.0059999999958,531.5059999999958,2.94,4217.5002,4145.4994,LONDON_OPEN,[],False
75b49f34,MGC,MGCF26,SHORT,2025-11-19 03:00:00+00:00,2025-11-19 04:00:00+00:00,4199.4,4145.5994,1,10.0,2.25,1.0,538.0059999999958,531.5059999999958,2.94,4217.5002,4145.4994,LONDON_OPEN,[],False
783cf5ee,MGC,MGCF26,SHORT,2025-11-19 04:00:00+00:00,2025-11-19 05:00:00+00:00,4199.4,4145.5994,1,10.0,2.25,1.0,538.0059999999958,531.5059999999958,2.94,4217.5002,4145.4994,LONDON_OPEN,[],False
9b0a4da2,MGC,MGCF26,SHORT,2025-11-21 02:00:00+00:00,2025-11-21 03:00:00+00:00,4199.4,4145.5994,1,10.0,2.25,1.0,538.0059999999958,531.5059999999958,2.94,4217.5002,4145.4994,LONDON_OPEN,[],False
811bc604,MGC,MGCF26,SHORT,2025-11-21 03:00:00+00:00,2025-11-21 04:00:00+00:00,4199.4,4145.5994,1,10.0,2.25,1.0,538.0059999999958,531.5059999999958,2.94,4217.5002,4145.4994,LONDON_OPEN,[],False
6e7aa217,MGC,MGCF26,SHORT,2025-11-21 04:00:00+00:00,2025-11-21 05:00:00+00:00,4199.4,4145.5994,1,10.0,2.25,1.0,538.0059999999958,531.5059999999958,2.94,4217.5002,4145.4994,LONDON_OPEN,[],False
aa9b2d84,MGC,MGCF26,LONG,2025-11-25 03:00:00+00:00,2025-11-25 04:00:00+00:00,4058.7999999999997,4099.0998,1,10.0,2.25,1.0,402.9980000000023,396.4980000000023,2.92,4045.2,4099.1998,LONDON_OPEN,[],False
2b506edb,MGC,MGCF26,SHORT,2025-11-25 04:00:00+00:00,2025-11-25 05:00:00+00:00,4199.4,4145.5994,1,10.0,2.25,1.0,538.0059999999958,531.5059999999958,2.94,4217.5002,4145.4994,LONDON_OPEN,[],False
5d097169,MGC,MGCF26,LONG,2025-11-25 15:00:00+00:00,2025-11-25 23:00:00+00:00,4092.7001,4167.60009765625,1,10.0,2.25,1.0,748.9999765624998,742.4999765624998,2.12,4057.5999,4197.6007,NY_AFTERNOON,[],False
6aedd5f8,MGC,MGCF26,LONG,2025-11-26 12:00:00+00:00,2025-11-26 13:00:00+00:00,4081.7001,4150.2004,1,10.0,2.25,1.0,685.002999999997,678.502999999997,2.95,4058.7,4150.3004,NY_LUNCH,[],False
590def73,MGC,MGCF26,LONG,2025-11-26 14:00:00+00:00,2025-11-26 15:00:00+00:00,4092.7001,4197.5007,1,10.0,2.25,1.0,1048.0059999999958,1041.5059999999958,2.97,4057.5999,4197.6007,NY_AFTERNOON,[],False
5df458a7,MGC,MGCF26,LONG,2025-11-26 15:00:00+00:00,2025-11-26 16:00:00+00:00,4092.7001,4197.5007,1,10.0,2.25,1.0,1048.0059999999958,1041.5059999999958,2.97,4057.5999,4197.6007,NY_AFTERNOON,[],False
5750883b,MGC,MGCF26,LONG,2025-11-28 14:30:00+00:00,2025-11-28 15:30:00+00:00,4092.7001,4197.5007,1,10.0,2.25,1.0,1048.0059999999958,1041.5059999999958,2.97,4057.5999,4197.6007,NY_AFTERNOON,[],False
96cb3174,MGC,MGCF26,LONG,2025-11-28 15:30:00+00:00,2025-11-28 16:30:00+00:00,4092.7001,4197.5007,1,10.0,2.25,1.0,1048.0059999999958,1041.5059999999958,2.97,4057.5999,4197.6007,NY_AFTERNOON,[],False
17a89668,MGC,MGCF26,LONG,2025-12-04 02:00:00+00:00,2025-12-04 23:00:00+00:00,4145.800200000001,4236.2001953125,1,10.0,2.25,1.0,903.9999531249941,897.4999531249941,0.89,4045.2,4447.2008,LONDON_OPEN,[],False
ab2bac73,MGC,MGCF26,LONG,2025-12-05 02:00:00+00:00,2025-12-05 21:00:00+00:00,4145.800200000001,4227.7001953125,1,10.0,2.25,1.0,818.9999531249941,812.4999531249941,0.81,4045.2,4447.2008,LONDON_OPEN,[],False
721d1bd7,MGC,MGCF26,LONG,2025-12-08 02:00:00+00:00,2025-12-08 23:00:00+00:00,4186.999900000001,4223.7998046875,1,10.0,2.25,1.0,367.9990468749929,361.4990468749929,0.84,4144.2,4314.9996,LONDON_OPEN,[],False
798e6c40,MGC,MGCF26,LONG,2025-12-10 03:00:00+00:00,2025-12-10 23:00:00+00:00,4224.800200000001,4261.60009765625,1,10.0,2.25,1.0,367.99897656249414,361.49897656249414,0.45,4144.2,4466.2008,LONDON_OPEN,[],False
6154946b,MGC,MGCF26,LONG,2025-12-16 02:00:00+00:00,2025-12-16 03:00:00+00:00,4224.800200000001,4258.800499999999,1,10.0,2.25,1.0,340.0029999999879,333.5029999999879,2.9,4213.3001,4258.9005,LONDON_OPEN,[],False
4c6bf545,MGC,MGCF26,LONG,2025-12-17 14:00:00+00:00,2025-12-17 15:00:00+00:00,4230.1,4230.799999999999,1,10.0,2.25,1.0,6.999999999989086,0.49999999998908606,0.12,4229.7,4230.9,NY_AFTERNOON,[],False
c9618e3b,MGC,MGCF26,LONG,2025-12-17 15:00:00+00:00,2025-12-17 16:00:00+00:00,4230.1,4230.799999999999,1,10.0,2.25,1.0,6.999999999989086,0.49999999998908606,0.12,4229.7,4230.9,NY_AFTERNOON,[],False
9bd6c000,MGC,MGCF26,LONG,2025-12-18 02:00:00+00:00,2025-12-18 03:00:00+00:00,4224.800200000001,4225.5001999999995,1,10.0,2.25,1.0,6.999999999989086,0.49999999998908606,0.12,4224.4002,4225.6002,LONDON_OPEN,[],False
552d03d2,MGC,MGCF26,LONG,2025-12-18 03:00:00+00:00,2025-12-18 04:00:00+00:00,4224.800200000001,4225.5001999999995,1,10.0,2.25,1.0,6.999999999989086,0.49999999998908606,0.12,4224.4002,4225.6002,LONDON_OPEN,[],False
e3a94fa4,MGC,MGCF26,LONG,2025-12-18 14:00:00+00:00,2025-12-18 15:00:00+00:00,4230.1,4230.799999999999,1,10.0,2.25,1.0,6.999999999989086,0.49999999998908606,0.12,4229.7,4230.9,NY_AFTERNOON,[],False
c49a065d,MGC,MGCG26,LONG,2025-12-23 12:00:00+00:00,2025-12-23 13:00:00+00:00,4358.1,4358.799999999999,1,10.0,2.25,1.0,6.999999999989086,0.49999999998908606,0.12,4357.7,4358.9,NY_LUNCH,[],False
22461e62,MGC,MGCG26,LONG,2025-12-23 14:00:00+00:00,2025-12-23 18:00:00+00:00,4382.6,4507.799999999999,1,10.0,2.25,1.0,1251.999999999989,1245.499999999989,2.97,4340.7,4507.9,NY_AFTERNOON,[],False
ad47a9d4,MGC,MGCG26,LONG,2025-12-29 02:00:00+00:00,2025-12-29 03:00:00+00:00,4350.7001,4465.4001,1,10.0,2.25,1.0,1146.9999999999982,1140.4999999999982,2.97,4312.3001,4465.5001,LONDON_OPEN,[],False
8de9c840,MGC,MGCG26,LONG,2025-12-29 03:00:00+00:00,2025-12-29 04:00:00+00:00,4350.7001,4465.4001,1,10.0,2.25,1.0,1146.9999999999982,1140.4999999999982,2.97,4312.3001,4465.5001,LONDON_OPEN,[],False
96fd3259,MGC,MGCG26,LONG,2025-12-29 04:00:00+00:00,2025-12-29 05:00:00+00:00,4350.7001,4465.4001,1,10.0,2.25,1.0,1146.9999999999982,1140.4999999999982,2.97,4312.3001,4465.5001,LONDON_OPEN,[],False
c087329a,MGC,MGCG26,LONG,2025-12-29 14:00:00+00:00,2025-12-29 15:00:00+00:00,4382.6,4340.599999999999,1,10.0,2.25,1.0,-420.0000000000091,-426.5000000000091,-1.02,4340.7,4507.9,NY_AFTERNOON,[],False
9f926a29,MGC,MGCG26,SHORT,2025-12-30 03:00:00+00:00,2025-12-30 04:00:00+00:00,4530.9,4495.700000000001,1,10.0,2.25,1.0,351.9999999999891,345.4999999999891,2.9,4542.8,4495.6,LONDON_OPEN,[],False
4dad9f77,MGC,MGCG26,SHORT,2025-12-30 04:00:00+00:00,2025-12-30 05:00:00+00:00,4530.9,4495.700000000001,1,10.0,2.25,1.0,351.9999999999891,345.4999999999891,2.9,4542.8,4495.6,LONDON_OPEN,[],False
3780c5aa,MGC,MGCG26,LONG,2025-12-30 15:00:00+00:00,2025-12-30 21:00:00+00:00,4382.6,4350.3002,1,10.0,2.25,1.0,-322.99800000000687,-329.49800000000687,-1.02,4350.4002,4478.7994,NY_AFTERNOON,[],False
